OBJECTID_1,OBJECTID,TNODE_,LPOLY_,RPOLY_,LENGTH,STREETCL_,STREETCL_I,PREFIX,NAME,TYPE,SUFFIX,STREETNAME,ALTERNATEN,LLEFT,HLEFT,LRGT,HRGT,FROMSTREET,TOSTREET,OWNER,BELTWAY,MAJORRD,NO_LANES,CFCC,ONEWAY,STCL_CODE,UNIQUE_ID,ROUTE_ID,ROUTE_TYPE,LNK_ROUTE_,CITYWORKS,FACILITYID,LEGACYID,INSTALLDAT,WARRANTYDA,CONDITIOND,LOCATION
1,438,0,0,0,1105.35853832328,68948,19, ,Swimming Pool Entrance, , ,Swimming Pool Entrance ,Swimming Pool entrance,0,0,0,0, , , , , ,0, , ,1630,0,  6265-04, , , ,68948, ,,,, 
2,445,0,0,0,66.2907564472294,68957,9, ,Swimming Pool Entrance, , ,Swimming Pool Entrance ,Swimming Pool Entrance,0,0,0,0, , , , , ,0, , ,1630,0,  6265-03, , , ,68957, ,,,, 
3,,0,0,0,811.716837802256,60215,, ,Babcock ,Blvd, ,Babcock Blvd,Three Degree Rd,0,0,0,0, , ,County, , ,0, , ,1630,0,  2008-04,,,,,,,,,
4,,0,0,0,1001.13518810365,56389,, ,Graham ,Blvd, ,Graham Blvd,Graham blvd,0,0,0,0, , ,County, , ,0, , ,1630,0,  3138-02,,,,,,,,,
5,,0,0,0,1764.067958729,59898,, ,Pittsburgh & McKeesport ,Blvd, ,Pittsburgh & McKeesport Blvd,Pittsburgh 7 McKeesport Blvd,5933,6149,6000,6150,Naugle St,City Limit,County, , ,2,A31,n,0,23007,  5255-00,,,,,,,,,
6,,0,0,0,906.616013041987,30666,, ,Steubenville Pike/Scott Sta ,Rd, ,Steubenville Pike/Scott Sta Rd,Scott Rd,0,0,0,0, , ,County, , ,0, , ,1630,0,  6295-00,,,,,,,,,
8,,0,0,0,15645.7955412436,73539,, ,Greensburg ,Pike, ,Greensburg Pike,Greensburg Pike,0,0,0,0, , ,County, ,Yes,0, , ,1620,0,  3139-01,,,,,,,,,
9,108,0,0,0,7494.89574921832,51871,4, ,Pangburn Hollow ,Rd, ,Pangburn Hollow Rd,Ripple Rd,0,0,0,0, , ,County, , ,0, , ,1630,0,  4243-02,SNOW,424302, ,51871, ,,,,Pangburn Hollow Rd
10,,0,0,0,2902.26104788328,74841,, ,Steuben ,St, ,Steuben St,Steuben St,0,0,0,0, , , , , ,2,A31,n,0,12105,  6291-00,,,,,,,,,
11,42,0,0,0,5715.61878403989,27805,29, ,Middletown-Coraopolis ,Rd, ,Middletown-Coraopolis Rd,Coraopolis Rd,0,0,0,0, , ,County, ,Yes,0, , ,1630,0,  6205-00,SNOW,620500, ,27805, ,,,,Middletown-Coraopolis Rd
12,503,0,0,0,4403.06889613522,70600,2, ,Old Kummer ,Rd, ,Old Kummer Rd,Beauty Rd,0,0,0,0, , , , , ,0, , ,1640,0,  1019-00, , , ,70600, ,,,, 
13,,0,0,0,317.738669336273,73034,, ,Fleming Park Bridge S.Approach,, ,Fleming Park Bridge S.Approach,Fleming Park Bridge Approach,0,0,0,0, , ,County, ,Yes,0, , ,1620,0,  6354-00,,,,,,,,,
14,67,0,0,0,1204.50820215453,36176,7, ,Pittsburgh Homestead Hi-Level ,Ramp, ,Pittsburgh Homestead Hi-Level Ramp,"Homestead Hi-Level Bridge Ramp, Fifth Ave",0,0,0,0, , , , , ,0, , ,1640,0,  5353-02,SNOW,535302, ,36176, ,,,,Pgh Homestead Grays Ramp
15,,0,0,0,1685.99935947354,35719,, ,New Ramp To Waterfront Park,, ,New Ramp To Waterfront Park,"New Homestead Hi-Level Bridge Ramp, 5th Sve",0,0,0,0, , , , , ,0, , ,1630,0,  5353-03,,,,,,,,,
16,206,0,0,0,15333.712241832,58132,18, ,New England ,Rd, ,New England Rd,New England Rd,0,0,0,0, , ,County, , ,0, , ,1630,0,  4231-00,SNOW,423100, ,80179, ,,,,New England Rd
17,195,0,0,0,20480.1613086973,73921,22, ,Blackburn ,Rd, ,Blackburn Rd,Brandt School Rd,0,0,0,0, , ,County,Orange,Yes,0, , ,1630,0,  1031-01,SNOW-MA,103101MA, ,73921, ,,,,Blackburn Rd
18,197,0,0,0,7181.58194657961,73949,10, ,Glenfield ,Rd, ,Glenfield Rd,Glenfield Rd,0,0,0,0, , , ,Yellow,Yes,0, , ,1630,0,  1135-02,SNOW-MA,113502MA, ,73949, ,,,,Glenfield Rd
19,198,0,0,0,8415.22370463244,74035,11, ,Jacks Run ,Rd, ,Jacks Run Rd,Jacks Run Rd,0,0,0,0, , ,County, ,Yes,0, , ,1630,0,  1162-00,SNOW,116200, ,74035, ,,,,Jacks Run Rd
20,199,0,0,0,6600.90848168224,74053,30, ,Bascom ,Ave, ,Bascom Ave,Bascom Ave,0,0,0,0, , ,County, ,Yes,0, , ,1630,0,  1016-00,SNOW,101600, ,74053, ,,,,Bascom Ave
21,200,0,0,0,1710.45668482024,74105,6, ,Kittanning & Dorseyville ,Rd, ,Kittanning & Dorseyville Rd,Dorseyville Rd,0,0,0,0, , ,County, ,Yes,0, , ,1630,0,  2165-03,SNOW-MA,216503MA, ,74105, ,,,,Kittanning & Dorseyville Rd
22,201,0,0,0,1441.42535483473,74170,51635450, ,Armstrong ,Tunl, ,Armstrong Tunl,Armstrong Tunnel,0,0,0,0,Second Ave,Forbes Ave,County, ,Yes,0,A31,n,0,14414,  3006-00,SNOW-MA-ALCO,3006, ,74170, ,,,, 
23,22,0,0,0,2153.71070940237,20333,37, ,Blackburn ,Rd, ,Blackburn Rd Spur,Blackburn rd,0,0,0,0, , ,County, , ,0, , ,1630,0,  1031-03,SNOW-MA,103103MA, ,20333, ,,,,"Blackburn Rd, Spur"
24,23,0,0,0,7431.40715268254,20479,45, ,Spring Run ,Rd, ,Spring Run Rd,Spring Run Rd,0,0,0,0, , ,County, , ,0, , ,1630,0,  6288-01,SNOW-MA,628801MA, ,20479, ,,,,Spring Run Rd
25,24,0,0,0,7348.71027211042,21011,21, ,Scaife ,Rd, ,Scaife Rd,Scaife Rd,0,0,0,0, , ,County, , ,0, , ,1630,0,  1275-00,SNOW-MA,127500MA, ,21011, ,,,,Scaife Rd
26,25,0,0,0,25964.5033519674,21189,15, ,Fox Chapel ,Rd, ,Fox Chapel Rd,Fox Chapel Rd,0,0,0,0, , , ,Green,Yes,0, , ,1630,0,  2128-00,SNOW-MA,212800MA, ,21189, ,,,,Fox Chapel Rd
27,26,0,0,0,7018.8868528688,21193,22, ,Water Works ,Rd, ,Water Works Rd,Water Works Rd,0,0,0,0, , ,County, , ,0, , ,1630,0,  1329-00,SNOW-MA,132900MA, ,21193, ,,,,Waterworks Rd
28,28,0,0,0,1625.46882974679,21476,141, ,Evergreen Extension ,Rd, ,Evergreen Extension Rd,Three Degree Rd,0,0,0,0, , ,County,Green,Yes,0, , ,1620,0,  1120-00,SNOW,112000, ,21476, ,,,,Evergreen Extension Rd/ Three Degree Rd
29,49,0,0,0,1291.99213447017,29006,97, ,Herrington Hill ,Rd, ,Herrington Hill Rd,Dunn St,0,0,0,0, , ,County, , ,0, , ,1630,0,  6145-00,SNOW-MA,614500MA, ,29006, ,,,,Herrington Hill Rd/ Dunn St
30,50,0,0,0,7381.9561524135,29015,72, ,Mckees Rocks And Forrest Grv ,Rd, ,Mckees Rocks And Forrest Grv Rd,Pine Hollow rd,0,0,0,0, , ,County, ,Yes,0, , ,1630,0,  6197-03,SNOW-MA,619703MA, ,29015, ,,,,Mc Kees Rocks / Forest Grove Rd
31,51,0,0,0,2167.01000364506,29587,6, ,Clever Road Extension,, ,Clever Road Extension,Fairhaven Rd,0,0,0,0, , ,County, ,Yes,0, , ,1630,0,  6071-02,SNOW-MA,607102MA, ,29587, ,,,,Clever Rd Ext
32,52,0,0,0,11428.1702726941,29681,20, ,Lincoln ,Rd, ,Lincoln Rd,Lincoln Rd,0,0,0,0, , ,County, ,Yes,0, , ,1630,0,  3179-01,SNOW,317901, ,29681, ,,,,Lincoln Rd
33,53,0,0,0,12810.0699882941,29734,1, ,Clever ,Rd, ,Clever Rd,Clever Rd,0,0,0,0, , ,County, ,Yes,0, , ,1630,0,  6071-01,SNOW,607101, ,29734, ,,,,Clever Rd
34,158,0,0,0,692.108197014213,71536,51625250, ,Nelson Run ,Rd, ,Nelson Run Rd,Nelson Run Rd,4401,4437,4400,4450,Ivory Ave,I-579 Ramp,County, , ,4,A31,n,0,114,  2348-00,SNOW,234800, ,71536, ,,,,Nelson Run Rd
35,55,0,0,0,4511.68023665379,29945,46, ,Tyler ,Rd, ,Tyler Rd,Tyler Rd,0,0,0,0, , ,County, , ,0, , ,1630,0,  3570-00,SNOW,357000, ,29945, ,,,,Tyler Rd
36,57,0,0,0,8557.31900822507,30500,9, ,Imperial And Burgettstown ,Rd, ,Imperial And Burgettstown Rd,Robinson Rd,0,0,0,0, , ,County, , ,0, , ,1630,0,  6155-00,SNOW-MA,615500MA, ,30500, ,,,,Imperial / Burgettstown Rd
37,58,0,0,0,4603.78782661994,30833,80, ,Laketon ,Rd, ,Laketon Rd,Laketon Rd,0,0,0,0, , ,County, ,Yes,0, , ,1630,0,  3172-00,SNOW,317200, ,30833, ,,,,Laketon Rd
38,59,0,0,0,3066.81111597814,30897,48, ,McKees Rocks / Steubenville ,Rd, ,McKees Rocks / Steubenville Rd,Mc Kees Rocks Rd Spur,0,0,0,0, , ,County, , ,0, , ,1630,0,  6199-03,SNOW-MA,619903MA, ,30897, ,,,,Mc Kees Rocks / Steubenville Pike
39,559,0,0,0,999.321578868348,69772,36, ,Old McCorkle ,Rd, ,Old McCorkle Rd,McCorkle Rd,0,0,0,0, , , , , ,0, , ,1640,0,  5195-02,SNOW,519502, ,80224, ,,,,"Mc Corkle Rd, Old"
40,560,0,0,0,3756.24712067372,49540,30, ,Ridge ,Rd, ,Ridge Rd,Ridge Rd,0,0,0,0, , ,County, ,Yes,0, , ,1630,0,  5262-01,SNOW,526201, ,80226, ,,,,Ridge Rd/ Mc Corkle Rd
41,588,0,0,0,1358.52537770098,55647,6, ,McCaslin ,Rd, ,McCaslin Rd,McCaslin Rd,0,0,0,0, , ,County, , ,0, , ,1630,0,  6346-01,SNOW-MA,634601MA, ,80595, ,,,,Mc Caslin Rd
42,,0,0,0,1936.11698756042,53939,, ,Saxonburg ,Blvd, ,Saxonburg Blvd Old Loop,Old Saxonburg Loop (Hartwood Entr.),0,0,0,0, , , , ,Yes,0, , ,1630,0,  2273-00,,,,,,,,,
43,193,0,0,0,886.716112434973,73798,51, ,Hemlock ,Dr, ,Hemlock Dr,Hemlock Dr,0,0,0,0, , ,County, ,Yes,0, , ,1630,0,  2144-01,SNOW,214401, ,73798, ,,,,Hemlock Dr/ Pebbles School Rd
44,648,0,0,0,8760.05205459116,73366,22, ,Monroeville Trestle ,Rd, ,Monroeville Trestle Rd,Center Rd,0,0,0,0, , ,County,Orange,Yes,0, , ,1630,0,  3220-02,SNOW-MA,322002MA, ,81568, ,,,,Monroeville Trestle Rd
45,564,0,0,0,1501.51213402981,0,0, ,Campbells Run Rd Connector, , ,Campbells Run Rd Connector ,Old Campbells Run Rd,0,0,0,0, , , , , ,0, , ,0,0,  6072-06,SNOW,607206, ,80292, ,,,,Campbells Run Rd
46,616,0,0,0,4189.16759339925,0,0, ,Troy Hill ,Rd, ,Troy Hill Rd,Ivory Ave,0,0,0,0, , , , , ,0, , ,0,0,  2312-01,SNOW,231201, ,81178, ,,,,Mt Troy Rd
47,619,0,0,0,7661.12759820209,42460,76, ,Painters Run ,Rd, ,Painters Run Rd,Painters Run Rd,0,0,0,0, , ,County, ,Yes,0, , ,1630,0,  6242-02,SNOW,624202, ,81187, ,,,,Painters Run Rd
48,620,0,0,0,14771.8998076916,20954,66, ,Babcock ,Blvd, ,Babcock Blvd,Babcock Blvd,0,0,0,0, , ,County,Green,Yes,0, , ,1620,0,  2008-01,SNOW,200801R4D1, ,81189, ,,,,Babcock Blvd
49,622,0,0,0,896.834917032438,35386,11, ,Browns Hill ,Rd, ,Browns Hill Rd,Browns Hill Rd,0,0,0,0, , ,County,Blue,Yes,0, , ,1630,0,  3047-02,SNOW,304702, ,81465, ,,,,Browns Hill Rd
50,623,0,0,0,7145.85282685543,71348,42, ,Homeville ,Rd, ,Homeville Rd,Homeville Rd,0,0,0,0, , , , , ,0, , ,1630,0,  5149-02,SNOW,514902, ,81467, ,,,,Homeville Rd
51,644,0,0,0,10590.1774223377,34016,56, ,Turtle Creek & Moroeville ,Rd,,Turtle Creek & Moroeville Rd (hill Rt),James St,0,0,0,0, , ,County, ,Yes,0, , ,1630,0,  3314-00,SNOW,331400, ,81560, ,,,,Turtle Creek - Monroeville Rd (Hill Rt)
52,66,0,0,0,11573.340156642,34040,54, ,Turtle Creek & Moroeville ,Rd, ,Turtle Creek & Moroeville Rd (valley rt),Lynn Ave & Monroeville Rd,0,0,0,0, , ,County, ,Yes,0, , ,1630,0,  3313-00,SNOW,331300, ,34040, ,,,,Turtle Creek - Monroeville Rd (Hill Rt)
53,163,0,0,0,12931.2265885033,72718,15, ,Thomas Run & Oakdale,Rd, ,Thomas Run & OakdaleRd,"Thoms Run Rd, Seminary Ave at Oakdale",0,0,0,0, , ,County, ,Yes,0, , ,1630,0,  6306-02,SNOW,630602, ,72718, ,,,,Thoms Run / Oakdale Rd
54,1,0,0,0,1925.5101466053,24,51694450, ,Ivory  ,Ave, ,Ivory  Ave,Ivory Ave,0,0,0,0,Ivory Ave,Ivory Ave,City,Blue, ,0,A31,n,0,122,  2312-03,SNOW,231203, ,24, ,,,,Mt Troy Rd
55,144,0,0,0,4064.21319845513,66822,27, ,North Braddock & Forest Hills ,Blvd, ,North Braddock & Forest Hills Blvd,"Yost Blvd, 6th St",0,0,0,0, , ,County, , ,0, , ,1630,0,  3237-01,SNOW-MA,323701MA, ,66822, ,,,,N. Braddock & Forest Hills Rd/Yost Blvd
56,146,0,0,0,6826.41117416624,67687,13, ,Natrona Heights ,Rd, ,Natrona Heights Rd,Argonne Dr,0,0,0,0, , ,County, , ,0, , ,1630,0,  3228-00,SNOW,322800, ,67687, ,,,,Natrona Heights Rd/Argonne Dr
57,147,0,0,0,8189.55730531549,67941,8, ,Irwin ,Rd, ,Irwin Rd,Irwin Rd,0,0,0,0, , ,County, , ,0, , ,1640,0,  1160-00,SNOW,116000, ,67941, ,,,,Irwin Rd
58,148,0,0,0,1923.64757307251,68006,5, ,Old Ingomar ,Rd, ,Old Ingomar Rd,Old Ingomar Rd,0,0,0,0, , ,County, , ,0, , ,1630,0,  1158-03,SNOW,115803, ,68006, ,,,,"Ingomar Rd, Old"
59,149,0,0,0,1786.20351222147,68213,12, ,Reynolds ,Rd, ,Reynolds Rd,Reynolds Rd,0,0,0,0, , ,County, , ,0, , ,1630,0,  1260-00,SNOW,126000, ,68213, ,,,,Reynolds Rd
60,150,0,0,0,1174.50682084276,69161,5, ,Beaver Grade ,Rd , ,Beaver Grade Rd ,"Old Beaver Grade Rd, Spur",0,0,0,0, , , , , ,0, , ,1630,0,  6022-00,SNOW-MA,602200MA, ,69161, ,,,,Beaver Grade Rd
61,151,0,0,0,770.161618490892,69893,97, ,Old Lebanon Church ,Rd, ,Old Lebanon Church Rd,Rodeo St,0,0,0,0, , , , , ,0, , ,1630,0,  5173-03,SNOW,517303, ,69893, ,,,,"Lebanon Church Rd, Old"
62,2,0,0,0,755.114186263972,135,51622565, ,Brighton ,Rd, ,Brighton Rd,Brighton Rd,4043,4099,0,0,Chellis St,City Limit,City, , ,2,A31,n,0,357,  1042-00,SNOW,104200, ,135, ,,,,Brighton Rd
63,3,0,0,0,1633.8849560006,13051,130, ,Walter ,Ave, ,Walter Ave,Walter Ave,0,0,0,0, , ,County, , ,0,A99,n,0,31655,  5323-01,SNOW,532301, ,13051, ,,,,Walter Ave
64,4,0,0,0,1932.7478546974,13184,51637471, ,Walter / Wagner ,Ave, ,Walter / Wagner Ave,Wagner Ave,600,698,401,421,City Limit,Mountain Ave,County, , ,2,A31,n,0,20021,  5323-02,SNOW-MA-ALCO,532302, ,13184, ,,,,Walter / Wagner Ave
65,6,0,0,0,3872.10011704637,13923,51639337, ,Becks Run ,Rd, ,Becks Run Rd,Becks Run Rd,0,0,366,398,Madeline St,E Agnew Ave,County,Blue,Yes,0,A31,n,0,21145,  5024-02,SNOW-MA-ALCO,502402, ,13923, ,,,,Becks Run Rd
66,7,0,0,0,9631.64845854133,15610,14, ,Meridian ,Rd, ,Meridian Rd,Meridian Rd,0,0,0,0, , ,County, , ,0, , ,1630,0,  2204-00,SNOW,220400, ,15610, ,,,,Meridian Rd
67,8,0,0,0,13423.6400364861,15805,4, ,Middle Extension ,Rd, ,Middle Extension Rd,Middle Rd Extension,0,0,0,0, , ,County, , ,0, , ,1630,0,  2309-03,SNOW-MA,230903MA, ,15805, ,,,,Middle Rd
68,11,0,0,0,11825.6372153226,16956,11, ,Pearce Mill ,Rd, ,Pearce Mill Rd,Pearce Mill Rd,0,0,0,0, , ,County, ,Yes,0, , ,1630,0,  1245-00,SNOW,124500, ,16956, ,,,,Pearce Mill Rd
69,12,0,0,0,13891.8610690518,16996,12, ,Brandt School ,Rd, ,Brandt School Rd,Brandt School Rd,0,0,0,0, , ,County, ,Yes,0, , ,1630,0,  1040-00,SNOW-MA,104000MA, ,16996, ,,,,Brandt School Rd
70,587,0,0,0,2764.37442224359,48309,80, ,Drake ,Rd, ,Drake Rd,Drake Rd,0,0,0,0, , ,County, ,Yes,0, , ,1630,0,  5100-00,SNOW,510000, ,80584, ,,,,Drake Rd
71,589,0,0,0,16997.2166831055,65129,9, ,Spring Run ,Rd, ,Spring Run Rd Extension,Spring Run Rd Extension,0,0,0,0, , ,County, , ,0, , ,1630,0,  6288-02,SNOW-MA,628802MA, ,80597, ,,,,Spring Run Rd Ext
72,590,0,0,0,6270.47030953999,72507,54, ,Painters Run ,Rd, ,Painters Run Rd,Bower Hill Rd,0,0,0,0, , ,County, ,Yes,0, , ,1630,0,  6242-01,SNOW,624201, ,80602, ,,,,Painters Run Rd/ Bower Hill Rd
73,592,0,0,0,19456.0059934187,72862,10, ,Warrendale Bayne ,Rd, ,Warrendale Bayne Rd,Warrendale Bayne Rd,0,0,0,0, , ,County,Red,Yes,0, , ,1630,0,  1325-00,SNOW,132500, ,80612, ,,,,Warrendale Bayne Rd
74,597,0,0,0,22243.2313021999,73006,29, ,Neville ,Rd, ,Neville Rd,"Grand Ave, Neville Rd",0,0,0,0, , ,County, ,Yes,0, , ,1620,0,  6230-01,SNOW,623001, ,81025, ,,,,Neville Rd
75,598,0,0,0,4571.3894787582,74693,65, ,Delafield ,Rd, ,Delafield Rd,Delafield Rd,0,0,0,0, , ,County, ,Yes,0, , ,1630,0,  2097-00,SNOW-MA,209700MA, ,81037, ,,,,Delafield Rd
76,599,0,0,0,300.488112881546,66745,140, ,North Braddock & Forest Hills ,Blvd, ,North Braddock & Forest Hills Blvd,Yost Blvd,0,0,0,0, , ,County, , ,0, , ,1630,0,  3237-02,SNOW-MA,323702MA, ,81038, ,,,,N. Braddock & Forest Hills Rd/Yost Blvd
77,181,0,0,0,9239.32290365029,73315,25, ,Unity & Trestle ,Rd, ,Unity & Trestle Rd,Unity-Center Rd,0,0,0,0, , ,County, ,Yes,0, , ,1630,0,  3316-00,SNOW,331600, ,73315, ,,,,Unity & Trestle Rd
78,183,0,0,0,5800.43917621965,73385,50, ,Stroschein ,Rd, ,Stroschein Rd,Stroschein Rd,0,0,0,0, , ,County, ,Yes,0, , ,1620,0,  3298-02,SNOW-MA,329802MA, ,73385, ,,,,Stroschein Rd
79,184,0,0,0,6799.81376361186,73393,65, ,Pitcairn ,Rd, ,Pitcairn Rd,Pitcairn Rd,0,0,0,0, , ,County, ,Yes,0, , ,1630,0,  3253-00,SNOW-MA,325300MA, ,73393, ,,,,Pitcairn Rd
80,96,0,0,0,3116.72772643595,49050,16, ,Coulterville ,Rd, ,Coulterville Rd,"Coulterville Rd, Coulter Rd",0,0,0,0, , ,County, ,Yes,0, , ,1630,0,  4090-01,SNOW,409001, ,49050, ,,,,Coulterville Rd
81,97,0,0,0,3817.23627192853,49155,14, ,Maple Springs ,Dr, ,Maple Springs Dr,Maple Springs Dr,0,0,0,0, , ,County, , ,0, , ,1630,0,  5192-00,SNOW,519200, ,49155, ,,,,Maple Springs Dr
82,98,0,0,0,10650.0004595092,49556,44, ,Buena Vista & Greenock ,Rd, ,Buena Vista & Greenock Rd,Greenock Rd,0,0,0,0, , ,County, ,Yes,0, , ,1630,0,  4053-00,SNOW,405300, ,49556, ,,,,Buena Vista-Greenock Rd
83,99,0,0,0,5452.82650706835,49972,4, ,Coal Valley ,Rd, ,Coal Valley Rd,"Coal vallley Rd # 4, Chamberlain Rd",0,0,0,0, , ,County, , ,0, , ,1630,0,  5081-04,SNOW,508104, ,49972, ,,,,Coal Valley Rd
84,,0,0,0,704.283193210887,71381,, ,Haymaker (at Jughandle),Rd, ,Haymaker (at Jughandle)Rd,Haymaker Rd,0,0,0,0, , ,County, , ,0, , ,1630,0,3142-04,,314204,,,,,,,
85,568,0,0,0,2142.78078317393,56286,4, ,Newton & Rodi ,Rd, ,Newton & Rodi Rd,Jefferson Rd,0,0,0,0, , , , ,Yes,0, , ,1630,0,  3234-01,SNOW,323401, ,80352, ,,,,Newton & Rodi Rd/ Jefferson Rd
86,190,0,0,0,8745.6105234071,73662,112, ,Wall ,Rd, ,Wall Rd,Wall Ave,0,0,0,0, , ,County, ,Yes,0, , ,1630,0,  4321-00,SNOW,432100, ,73662, ,,,,Wall Rd
87,100,0,0,0,7227.14762042983,50184,3, ,Coulterville ,Rd, ,Coulterville Rd,Coulterville Rd,0,0,0,0, , ,County, ,Yes,0, , ,1630,0,  4090-02,SNOW,409002, ,50184, ,,,,Coulterville Rd
88,101,0,0,0,8363.70768388238,50849,25, ,Brownsville & Library ,Rd, ,Brownsville & Library Rd,Brownsville & Library Rd (Piney Fork),0,0,0,0, , ,County, ,Yes,0, , ,1630,0,  5049-00,SNOW,504900, ,50849, ,,,,Brownsville / Library Rd
89,102,0,0,0,6820.60983826709,51157,16, ,Buena Vista & Lovedale ,Rd, ,Buena Vista & Lovedale Rd,Broadlawn Rd,0,0,0,0, , ,County, ,Yes,0, , ,1630,0,  4054-00,SNOW,405400, ,51157, ,,,,Buena Vista-Lovedale Rd
90,103,0,0,0,6423.67635504272,51272,45, ,Scotia Hollow ,Rd, ,Scotia Hollow Rd,Scotia Hollow Rd,0,0,0,0, , ,County, , ,0, , ,1630,0,  4277-00,SNOW,427700, ,51272, ,,,,Scotia Hollow Rd
91,104,0,0,0,12485.3870645799,51318,13, ,Rock Run ,Rd, ,Rock Run Rd,Rock Run Rd,0,0,0,0, , , , , ,0, , ,1630,0,  4267-00,SNOW,426700, ,51318, ,,,,Rock Run Rd
92,105,0,0,0,12319.874322869,51723,7, ,Simpson Howell ,Rd, ,Simpson Howell Rd,Simpson Howell Rd,0,0,0,0, , ,County, ,Yes,0, , ,1630,0,  4284-00,SNOW,428400, ,51723, ,,,,Simpson Howell Rd
93,106,0,0,0,12932.4324205926,51793,5, ,Monongahela & Elizabeth ,Rd, ,Monongahela & Elizabeth Rd,Warren Hill,0,0,0,0, , ,County, , ,0, , ,1630,0,  4215-00,SNOW,421500, ,51793, ,,,,Monongahela & Elizabeth Rd
94,92,0,0,0,224.355306405704,48244,14, ,Broughton &Cochrans Mill ,Rd, ,Broughton &Cochrans Mill Rd,Cochran Mill Rd,0,0,0,0, , ,County, , ,0, , ,1620,0,  5045-02,SNOW,504502, ,48244, ,,,,Broughton / Cochran Mill Rd
95,93,0,0,0,13034.9235523923,48596,39, ,Mowery Gill Hall&Cochran Mill ,Rd, ,Mowery Gill Hall&Cochran Mill Rd,Gill hall rd,0,0,0,0, , ,County, ,Yes,0, , ,1630,0,  5226-00,SNOW,522600, ,48596, ,,,,Mowery Gill Hall / Cochran Mill
96,94,0,0,0,12346.0351529813,48771,32, ,Catfish Run ,Rd, ,Catfish Run Rd,Corrigan Dr,0,0,0,0, , ,County, ,Yes,0, , ,1620,0,  5065-00,SNOW,506500, ,48771, ,,,,Catfish Run Rd
97,95,0,0,0,5584.86346786584,48995,45, ,Brownsville ,Rd, ,Brownsville Rd,Brownsville Rd,0,0,0,0, , ,County, ,Yes,0, , ,1620,0,  5050-03,SNOW,505003, ,48995, ,,,,Brownsville Rd
98,117,0,0,0,3936.38391235737,55737,22, ,Old Freeport ,Rd, ,Old Freeport Rd,Old Freeport Rd Loop,0,0,0,0, , ,County, , ,0, , ,1630,0,  2345-00,SNOW-MA,234500MA, ,55737, ,,,,"Freeport Rd, Old"
99,118,0,0,0,3426.89622381357,55908,16, ,Cliff Mine / Coraopolis Hgts ,Rd, ,Cliff Mine / Coraopolis Hgts Rd,Cliff Mine / Coraopolis Hgts Rd,0,0,0,0, , ,County, , ,0, , ,1630,0,  6075-02,SNOW,607502, ,55908, ,,,,Cliff Mine / Coraopolis Hgts Rd
100,119,0,0,0,3966.99492270985,55920,26, ,Lincoln Ave & Wildwood ,Rd, ,Lincoln Ave & Wildwood Rd,Nadine Rd,0,0,0,0, , ,County, ,Yes,0, , ,1630,0,  3179-02,SNOW,317902, ,55920, ,,,,Lincoln Ave & Wildwood Rd/ Nadine Rd
101,120,0,0,0,12104.5003104418,55978,37, ,Pierson Run ,Rd, ,Pierson Run Rd,Pierson Run Rd,0,0,0,0, , ,County, , ,0, , ,1630,0,  3252-00,SNOW,325200, ,55978, ,,,,Pierson Run Rd
102,121,0,0,0,1840.7499485319,56197,17, ,Spring Miller ,Rd, ,Spring Miller Rd,Spring (Miller) Rd,0,0,0,0, , ,County, , ,0, , ,1630,0,  3287-00,SNOW,328700, ,56197, ,,,,Spring (Miller) Rd
103,122,0,0,0,3385.6070536401,56219,23, ,Lindsey ,Ln, ,Lindsey Ln,Lindsey Ln,0,0,0,0, , ,County, , ,0, , ,1630,0,  3181-00,SNOW,318100, ,56219, ,,,,Lindsey Ln
104,580,0,0,0,6285.49598411987,33990,43, ,Braddock &Ardmore ,Rd, ,Braddock &Ardmore Rd,Wilkens Ave,0,0,0,0, , ,County, , ,0, , ,1630,0,  3036-00,SNOW-MA,303600MA, ,80432, ,,,,Braddock & Ardmore Rd
105,69,0,0,0,10296.8530190723,38076,91, ,Greensburg ,Pike, ,Greensburg Pike,Greensburg Pike,0,0,0,0, , ,County, ,Yes,0, , ,1630,0,  4139-02,SNOW,413902, ,38076, ,,,,Greensburg Pike
106,70,0,0,0,9632.35430656399,38644,215, ,Elwyn ,Rd, ,Elwyn Rd,McNeilly Rd,0,0,0,0, , ,County,Blue,Yes,0, , ,1630,0,  5116-00,SNOW-MA-ALCO,511600, ,38644, ,,,,Elwyn Rd/ Mc Neilly Rd
107,71,0,0,0,1184.3179654821,39321,287, ,Sussex ,Ave, ,Sussex Ave,Sussex Ave,0,0,0,0, , ,County, , ,0, , ,1630,0,  5300-00,SNOW-MA-ALCO,530000, ,39321, ,,,,Sussex Ave
108,73,0,0,0,3867.8800102462,40811,65, ,Vanadium ,Rd, ,Vanadium Rd,Vanadium Rd,0,0,0,0, , ,County, ,Yes,0, , ,1630,0,  6318-03,SNOW,631803, ,40811, ,,,,Vanadium Rd
109,75,0,0,0,1251.28700808083,41136,4, ,Boower Hill Rd #1,, ,Boower Hill Rd #1,Vanadium Rd,0,0,0,0, , ,County, ,Yes,0, , ,1630,0,  6318-01,SNOW,631801, ,41136, ,,,,Bower Hill Rd
110,76,0,0,0,1249.76224122194,41446,53, ,Whitehall ,Rd, ,Whitehall Rd,East Willock Rd,0,0,0,0, , ,County, ,Yes,0, , ,1630,0,  5333-01,SNOW,533301, ,41446, ,,,,Whitehall Rd
111,77,0,0,0,5059.51593429905,41672,35, ,Crooked Run ,Rd, ,Crooked Run Rd,Crooked Run Rd,0,0,0,0, , ,County, ,Yes,0, , ,1630,0,  4094-00,SNOW,409400, ,41672, ,,,,Crooked Run Rd
112,78,0,0,0,4478.1556276575,41921,16, ,Whitehall ,Rd, ,Whitehall Rd,"E.Willock (in Brentwood and Whitehall),Prospect Rd",0,0,0,0, , ,County, ,Yes,0, , ,1630,0,  5333-02,SNOW,533302, ,41921, ,,,,Whitehall Rd
113,54,0,0,0,15314.7577292511,29899,6, ,McKees Rocks / Steubenville ,Rd, ,McKees Rocks / Steubenville Rd,Mc Kees Rocks / Middletown Rd,0,0,0,0, , ,County, ,Yes,0, , ,1630,0,  6199-01,SNOW,619901, ,29899, ,,,,Mc Kees Rocks / Steubenville Pike
114,79,0,0,0,1147.70499639927,42119,262, ,Homestead - Duquesne ,Rd, ,Homestead - Duquesne Rd,Homestead-Duquesne Rd,0,0,0,0, , ,County, ,Yes,0, , ,1620,0,  5147-04,SNOW,514704, ,42119, ,,,,Homestead-Duquesne Rd
115,80,0,0,0,3249.45932470713,42166,310, ,Homestead - Duquesne ,Rd, ,Homestead - Duquesne Rd,Homestead-Duquesne Rd,0,0,0,0, , ,County, ,Yes,0, , ,1620,0,  5147-03,SNOW,514703, ,42166, ,,,,Homestead-Duquesne Rd
116,81,0,0,0,5689.29262156116,42463,45, ,Fairhaven & Provost ,Rd, ,Fairhaven & Provost Rd,Provost Rd,0,0,0,0, , ,County, ,Yes,0, , ,1630,0,  5123-00,SNOW,512300, ,42463, ,,,,Fairhaven / Provost Rd
117,601,0,0,0,13190.0165364105,72524,79, ,Bower Hill ,Rd, ,Bower Hill Rd,Bower Hill Rd,0,0,0,0, , ,County, ,Yes,0, , ,1620,0,  6034-00,SNOW,603400, ,81045, ,,,,Bower Hill Rd
118,602,0,0,0,2574.49464677994,73121,129, ,Homestead - Duquesne ,Rd, ,Homestead - Duquesne Rd,"West St, 22nd St, Main St",0,0,0,0, , ,County, ,Yes,0, , ,1630,0,  5147-01,SNOW,514701, ,81048, ,,,,Homestead-Duquesne Rd/ West St
119,603,0,0,0,2061.98039531478,57794,154, ,Dravosburg Bridge Ramp,, ,Dravosburg Bridge Ramp,Richland Ave,0,0,0,0, , ,County,Yellow,Yes,0, , ,1620,0,  5103-05,SNOW,510305, ,81056, ,,,,Dravosburg Bridge Ramp/ Richland Ave
120,604,0,0,0,1357.37149194854,73415,23, ,Stroschein ,Rd, ,Stroschein Rd,Stroschein Rd,0,0,0,0, , ,County, ,Yes,0, , ,1620,0,  3298-01,SNOW,329801, ,81059, ,,,,Stroschein Rd
121,606,0,0,0,6872.71243459294,28606,205, ,Mccoy ,Rd, ,Mccoy Rd,Mccoy Rd,0,0,0,0, , ,County, ,Yes,0, , ,1630,0,  6196-01,SNOW,619601, ,81081, ,,,,Mccoy Rd
122,211,0,0,0,563.814288581519,44729,93, ,"Bethel Rd, Hillcrest",, ,"Bethel Rd, Hillcrest",Bethel Church Rd,0,0,0,0, , , , , ,0, , ,1630,0,  5028-05,SNOW,502805, ,80204, ,,,,"Bethel Rd, Hillcrest"
123,628,0,0,0,5166.19559324883,25,51693567, ,Mount Troy ,Rd, ,Mount Troy Rd,Mt Troy Rd Extension,4679,4699,4676,4698,City Limit,Ivory Ave,City, , ,2,A30,n,0,101,  2351-00,SNOW,235100, ,81498, ,,,,Mt Troy Rd
124,637,0,0,0,3912.5561676133,73065,209, ,Campbells Run ,Rd, ,Campbells Run Rd,"Campbells Run Rd, Chartiers St",0,0,0,0, , ,County,Yellow,Yes,0, , ,1630,0,  6072-09,SNOW,607209, ,81533, ,,,,Campbells Run Rd
125,180,0,0,0,22739.6914978288,73310,7, ,Universal ,Rd, ,Universal Rd,Universal Rd,0,0,0,0, , ,County, ,Yes,0, , ,1630,0,  3317-00,SNOW,331700, ,73310, ,,,,Universal Rd
126,165,0,0,0,12092.0196173495,72728,3, ,Millers Grove & Clairton ,Rd, ,Millers Grove & Clairton Rd,Old Clairton Rd,0,0,0,0, , ,County, ,Yes,0, , ,1630,0,  4211-02,SNOW,421102, ,72728, ,,,,Millers Grove & Clairton Rd
127,166,0,0,0,8832.78131415693,72759,187, ,Coal Valley ,Rd, ,Coal Valley Rd,"Coal Valley Rd #1, Muttontown Rd",0,0,0,0, , ,County, ,Yes,0, , ,1630,0,  4081-01,SNOW,408101, ,72759, ,,,,Coal Valley Rd
128,167,0,0,0,5296.14652833829,72763,69, ,Lebanon Church ,Rd, ,Lebanon Church Rd,Lebanon Church Rd,0,0,0,0, , ,County,Yellow,Yes,0, , ,1630,0,  5173-01,SNOW,517301, ,72763, ,,,,Lebanon Church Rd
129,168,0,0,0,6064.29224712691,72785,3, ,Coal Valley ,Rd, ,Coal Valley Rd,Coal Valley Rd #2,0,0,0,0, , ,County, ,Yes,0, , ,1630,0,  4081-02,SNOW,408102, ,72785, ,,,,Coal Valley Rd
130,169,0,0,0,4585.61797687114,72788,17, ,Coal Valley ,Rd, ,Coal Valley Rd,Coal Valley Rd #3,0,0,0,0, , ,County, ,Yes,0, , ,1630,0,  4081-03,SNOW,408103, ,72788, ,,,,Coal Valley Rd
131,170,0,0,0,3530.60366482977,72820,22, ,Cliff Mine / Coraopolis Hgts ,Rd, ,Cliff Mine / Coraopolis Hgts Rd,Cliff Mine Rd,0,0,0,0, , ,County, ,Yes,0, , ,1620,0,  6075-01,SNOW,607501, ,72820, ,,,,Cliff Mine / Coraopolis Hgts Rd
132,171,0,0,0,10503.8046316428,72832,5, ,Steubenville Pike / Enlow ,Rd, ,Steubenville Pike / Enlow Rd,Cliff Mine Rd,0,0,0,0, , ,County, ,Yes,0, , ,1630,0,  6293-01,SNOW,629301, ,72832, ,,,,Steubenville Pike / Enlow Rd
133,550,0,0,0,17544.0251945521,67199,25, ,Creighton Russelton ,Rd, ,Creighton Russelton Rd,Baileys Run Rd,0,0,0,0, , ,County, ,Yes,0, , ,1630,0,  3093-00,SNOW,309300, ,81572, ,,,,Creighton Russelton Rd
134,61,0,0,0,1801.44655561995,31420,25, ,Old Campbells Run ,Rd , ,Old Campbells Run Rd ,Old Campbells Run Rd,0,0,0,0, , ,County, , ,0, , ,1630,0,  6072-07,SNOW,607207, ,31420, ,,,,Campbells Run Rd
135,61,0,0,0,18763.907468324,31420,25, ,Campbells Run ,Rd , ,Campbells Run Rd ,Campbells Run Rd,0,0,0,0, , ,County, , ,0, , ,1630,0,  6072-03,SNOW,607203, ,31420, ,,,,Campbells Run Rd
136,553,0,0,0,2330.01871590738,29068,54, ,McKees Rocks / Steubenville,Rd , ,McKees Rocks / Steubenville Rd Extension,Heckle Rd,0,0,0,0, , ,County, ,Yes,0, , ,1630,0,  6199-02,SNOW,619902, ,29068, ,,,,Mc Kees Rocks / Steubenville Pike
137,555,0,0,0,13592.3676078263,49425,27, ,Broughton &Cochrans Mill ,Rd, ,Broughton &Cochrans Mill Rd,Cochran Mill Rd,0,0,0,0, , ,County, ,Yes,0, , ,1630,0,  5045-01,SNOW,504501, ,49425, ,,,,Broughton / Cochran Mill Rd
138,556,0,0,0,8333.65269934563,73840,15, ,Duff City - Camp Meeting ,Rd, ,Duff City - Camp Meeting Rd,Camp meeting Rd,0,0,0,0, , ,County, ,Yes,0, , ,1630,0,  1104-00,SNOW,110400, ,80614, ,,,,Duffs City-Camp Meeting Rd
139,557,0,0,0,3578.6590808395,42508,70, ,East Pittsburgh & McKeesport ,Blvd, ,East Pittsburgh & McKeesport Blvd,East Pittsburgh & Mckeesport Blvd,0,0,0,0, , ,County, ,Yes,0, , ,1620,0,  4111-00,SNOW,411100, ,42508, ,,,,East Pittsburgh & Mckeesport Blvd
140,558,0,0,0,1045.98175589187,49833,37, ,Ridge ,Rd, ,Ridge Rd (McCorkle),Ridge Rd,0,0,0,0, , ,County, ,Yes,0, , ,1630,0,  5262-02,SNOW,526202, ,80223, ,,,,Ridge Rd/ Mc Corkle Rd
141,646,0,0,0,1100.05587645001,30828,117, ,Graham ,Blvd, ,Graham Blvd,Graham Blvd,0,0,0,0, , ,County, , ,0, , ,1630,0,  3138-01,SNOW,313801, ,81564, ,,,,Graham Blvd
142,552,0,0,0,31738.4916279108,16030,3, ,Tarentum And Culmerville ,Rd, ,Tarentum And Culmerville Rd,"Tarentum-Culmerville Rd, Bakertown Rd",0,0,0,0, , ,County, , ,0, , ,1630,0,  3301-00,SNOW-MA,330100MA, ,81575, ,,,,Tarentum-Culmerville Rd
143,54,0,0,0,657.594049705896,29899,6, ,Lorish ,Rd, ,Lorish Rd,Lorish Rd,0,0,0,0, , ,County, ,Yes,0, , ,1630,0,  6199-04,SNOW,619904, ,29899, ,,,,Mc Kees Rocks / Steubenville Pike
144,649,0,0,0,7017.10759201989,73366,22, ,Monroeville Trestle ,Rd, ,Monroeville Trestle Rd,Center Rd,0,0,0,0, , ,County,Orange,Yes,0, , ,1630,0,  3220-01,SNOW,322001, ,81569, ,,,,Monroeville Trestle Rd
145,650,0,0,0,10889.3430720541,73745,11, ,Crawford Run ,Rd, ,Crawford Run Rd,Crawford Run Rd,0,0,0,0, , ,County, ,Yes,0, , ,1630,0,  3092-02,SNOW,309202, ,81570, ,,,,Crawford Run Rd
146,652,0,0,0,7067.87338505115,54208,4, ,Kittanning & Dorseyville ,Rd, ,Kittanning & Dorseyville Rd,Dorseyville Rd,0,0,0,0, , , ,Green,Yes,0, , ,1630,0,  2165-02,SNOW-MA,216502MA, ,81604, ,,,,Kittanning & Dorseyville Rd
147,653,0,0,0,13936.0425611325,54830,29, ,Kittanning & Dorseyville ,Rd, ,Kittanning & Dorseyville Rd,Dorseyville Rd,0,0,0,0, , , , ,Yes,0, , ,1630,0,  2165-01,SNOW-MA,216501MA, ,81608, ,,,,Kittanning & Dorseyville Rd
148,654,0,0,0,413.774655850353,52510,51631008, ,Crane ,Rd, ,Crane Ave,Crane Ave,0,0,0,0,Banksville Rd,East Entry Dr,County, ,Yes,2,A31,n,0,18441,  6091-02,SNOW-MA-ALCO,609102, ,81856, ,,,,Crane Rd
149,655,0,0,0,4677.14448095209,11675,51630984, ,Crane ,Rd, ,Crane Ave,"Crane Ave, Carnahan Rd",1107,1199,1108,1198,Oakville Dr,Elm Spring Dr,County, ,Yes,2,A31,n,0,18022,  6091-01,SNOW-MA-ALCO,609101, ,11675, ,,,,Crane Rd
150,37,0,0,0,8170.7477632577,25173,174, ,Bellevue ,Rd, ,Bellevue Rd,Bellevue Rd,0,0,0,0, , ,County, ,Yes,0, , ,1630,0,  1025-00,SNOW,102500, ,25173, ,,,,Bellevue Rd
151,33,0,0,0,6613.28207918528,22865,41, ,Thompson Run Extension ,Rd, ,Thompson Run Extension Rd,Vilsack Rd,0,0,0,0, , ,County, ,Yes,0, , ,1630,0,  2304-00,SNOW-MA,230400MA, ,22865, ,,,,Thompson Run Ext Conn Rd
152,38,0,0,0,2487.30052993904,25356,151, ,Cornell ,Ave, ,Cornell Ave,Cornell Ave,0,0,0,0, , ,County, ,Yes,0, , ,1630,0,  1089-00,SNOW,108900, ,25356, ,,,,Center Ave
153,39,0,0,0,7219.81034932468,25930,52, ,Cemetery ,Ln, ,Cemetery Ln,Cemetery Ln,0,0,0,0, , ,County, ,Yes,0, , ,1630,0,  1066-00,SNOW,106600, ,25930, ,,,,Cemetery Ln
154,40,0,0,0,2093.63486446452,27104,85, ,Evergreen ,Rd, ,Evergreen Rd Loop,"Evergreen Rd, Loop",0,0,0,0, , ,County, ,Yes,0, , ,1630,0,  2119-04,SNOW-MA,211904MA, ,27104, ,,,,"Evergreen Rd, Loop"
155,41,0,0,0,5918.25598115756,27454,38, ,Renton ,Rd, ,Renton Rd,Renton Rd,0,0,0,0, , ,County, , ,0, , ,1630,0,  3258-00,SNOW-MA,325800MA, ,27454, ,,,,Renton Rd
156,43,0,0,0,6591.2079305337,27829,33, ,Spring Garden ,Rd, ,Spring Garden Rd,Spring Garden Rd,0,0,0,0, , ,County, ,Yes,0, , ,1630,0,  2286-00,SNOW-MA,228600MA, ,27829, ,,,,Spring Garden Rd
157,44,0,0,0,5652.18625549003,27977,18, ,Hoffman ,Rd, ,Hoffman Rd,Hoffman Rd,0,0,0,0, , ,County, ,Yes,0, , ,1630,0,  2146-00,SNOW-MA,214600MA, ,27977, ,,,,Hoffman Rd
158,45,0,0,0,4609.03362413485,28258,52, ,Friday ,Rd, ,Friday Rd,Friday Rd,0,0,0,0, , ,County, , ,0, , ,1630,0,  2131-00,SNOW-MA,213100MA, ,28258, ,,,,Friday Rd
159,,0,0,0,128.489489649522,70956,, ,Haymaker ,Rd, ,Haymaker Rd,Haymaker Rd,0,0,0,0, , , , , ,0, , ,1630,0,  3142-03,,,,,,,,,
160,,0,0,0,744.861561476374,73684,, ,Wall ,Rd, ,Wall Rd,Wall Ave,0,0,0,0, , ,County, ,Yes,0, , ,1630,0,  4223-00,,,,,,,,,
161,47,0,0,0,7428.17938776301,28550,50, ,Mckees Rocks And Forrest Grv ,Rd , ,Mckees Rocks And Forrest Grv Rd ,Forest Grove Rd,0,0,0,0, , ,County, ,Yes,0, , ,1630,0,  6197-01,SNOW,619701, ,28550, ,,,,Mc Kees Rocks / Forest Grove Rd
162,48,0,0,0,3705.50700076558,28578,28, ,Mckees Rocks And Forrest Grv ,Rd , ,Mckees Rocks And Forrest Grv Rd ,Pine Hollow / Forest Grove Rd,0,0,0,0, , ,County, ,Yes,0, , ,1620,0,  6197-02,SNOW,619702, ,28578, ,,,,Mc Kees Rocks / Forest Grove Rd
163,159,0,0,0,1100.01091747239,72020,30, ,Babcock Blvd ,Ramp, ,Babcock Blvd Ramp,Babcock Blvd ,0,0,0,0, , ,County, , ,0, , ,1660,0,  2008-02,SNOW,200802, ,72020, ,,,,Babcock Blvd Ramp
164,161,0,0,0,3909.06213731158,72627,51630837, ,Mattern ,Rd, ,Mattern Rd,McMonagle Ave,0,0,2360,2450,N Meadowcroft Ave,City Limit,County, ,Yes,2,A31,n,0,20571,  6193-00,SNOW-MA-ALCO, , ,72627, ,,,,Mattern Rd/ Mc Monagle Ave
165,162,0,0,0,4059.69602467465,72657,75, ,Hope Hollow ,Rd, ,Hope Hollow Rd,Hope Hollow Rd,0,0,0,0, , ,County,Yellow,Yes,0, , ,1630,0,  6150-00,SNOW,615000, ,72657, ,,,,Hope Hollow Rd
166,14,0,0,0,2770.11223676512,17155,11, ,Babcock (Old Loop),Blvd, ,Babcock (Old Loop)Blvd,Old Babcock Blvd (Loop),0,0,0,0, , ,County, , ,0, , ,1630,0,  2008-05,SNOW,200805, ,17155, ,,,,Babcock Blvd (Old Loop)
167,15,0,0,0,2775.08183337518,17204,5, ,Mckinney ,Rd, ,Mckinney Rd,McKinney Rd,0,0,0,0, , ,County, , ,0, , ,1630,0,  1201-02,SNOW,120102, ,17204, ,,,,McKinney Rd
168,,0,0,0,460.916632749828,17050,, ,Mckinney ,Rd, ,Mckinney Rd,McKinney Rd,0,0,0,0, , ,County, , ,0, , ,1630,0,  1201-01,,,,,,,,,
169,141,0,0,0,4406.25230326996,66055,37, ,Millers Grove & Clairton ,Rd, ,Millers Grove & Clairton Rd,Worthington Ave,0,0,0,0, , ,County, , ,0, , ,1630,0,  4211-03,SNOW,421103, ,66055, ,,,,Millers Grove & Clairton Rd
170,16,0,0,0,5645.98572381529,17436,9, ,Brackenridge & Natrona ,Rd, ,Brackenridge & Natrona Rd,River Ave,0,0,0,0, , ,County, ,Yes,0, , ,1630,0,  3035-00,SNOW,303500, ,17436, ,,,,Brackinridge & Natrona Rd
171,17,0,0,0,6627.2668838131,17758,8, ,Camp Meeting,Rd, ,Camp Meeting Rd Extension,"Camp Meeting Rd, Ext",0,0,0,0, , ,County, , ,0, , ,1630,0,  1062-00,SNOW,106200, ,17758, ,,,,"Camp Meeting Rd, Ext"
172,20,0,0,0,9997.39727280082,19127,49, ,Ingomar ,Rd, ,"Ingomar Rd, Highland branch",Highland Rd,0,0,0,0, , ,County, ,Yes,0, , ,1630,0,  1158-02,SNOW,115802, ,19127, ,,,,"Ingomar Rd, Highland Branch"
173,21,0,0,0,4341.37335678127,20215,29, ,Blackburn ,Rd, ,Blackburn Rd Branch,Blackburn Rd,0,0,0,0, , ,County, ,Yes,0, , ,1630,0,  1031-02,SNOW,103102, ,20215, ,,,,"Blackburn Rd, Branch"
174,191,0,0,0,7397.38851527367,73686,7, ,Wilmerding And Monroeville ,Rd, ,Wilmerding And Monroeville Rd,Patton St,0,0,0,0, , ,County, ,Yes,0, , ,1630,0,  3339-00,SNOW-MA,333900MA, ,73686, ,,,,Wilmerding & Monroeville Rd
175,192,0,0,0,7271.25622535099,73745,11, ,Crawford Run ,Rd, ,Crawford Run Rd,Crawford Run Rd,0,0,0,0, , ,County, ,Yes,0, , ,1630,0,  3092-01,SNOW-MA,309201MA, ,73745, ,,,,Crawford Run Rd
176,194,0,0,0,17648.7300602215,73847,14, ,Camp Meeting ,Rd, ,Camp Meeting Rd,Camp Meeting Rd,0,0,0,0, , ,County, ,Yes,0, , ,1630,0,  1061-00,SNOW,106100, ,73847, ,,,,Camp Meeting Rd
177,629,0,0,0,6950.06117843777,20896,107, ,McIntyre ,Rd, ,McIntyre Rd,McIntyre Rd,0,0,0,0, , ,County, ,Yes,0, , ,1630,0,  2573-00,SNOW,257300, ,81499, ,,,,Mc Intyre Rd
178,630,0,0,0,3705.45680616345,20022,2, ,Babcock ,Blvd, ,Babcock Blvd,Babcock Blvd,0,0,0,0, , ,County, ,Yes,0, , ,1630,0,  2008-03,SNOW,200803, ,81501, ,,,,Babcock Blvd
179,631,0,0,0,9229.04231810197,15346,15, ,Brush Creek ,Rd, ,Brush Creek Rd,Brush Creek Rd/ Thorn Hill Rd,0,0,0,0, , ,County, , ,0, , ,1620,0,  1052-00,SNOW,105200, ,81504, ,,,,Brush Creek Rd
180,635,0,0,0,963.565939955924,0,0, ,Baldwin ,Rd, ,Baldwin Rd,Baldwin Rd,0,0,0,0, , , , , ,0, , ,0,0,  6014-02,SNOW,601402, ,81522, ,,,,Baldwin Rd
181,636,0,0,0,2627.61989185726,73080,11, ,Campbells Run ,Rd, ,Campbells Run Rd,Campbells Run Rd,0,0,0,0, , ,County,Yellow,Yes,0, , ,1630,0,  6072-01,SNOW,607201, ,81529, ,,,,Campbells Run Rd
182,638,0,0,0,9100.7889563531,72997,31, ,Old Neville ,Rd, ,Old Neville Rd,Grand Ave,0,0,0,0, , ,County, ,Yes,0, , ,1620,0,  6230-02,SNOW,623002, ,81541, ,,,,"Neville Rd, Old"
183,82,0,0,0,11847.9437202279,43225,32, ,Brownsville ,Rd, ,Brownsville Rd,Brownsville Rd,0,0,0,0, , ,County, ,Yes,0, , ,1630,0,  5050-01,SNOW,505001, ,43225, ,,,,Brownsville Rd
184,83,0,0,0,5543.38011411062,44049,149, ,Lincoln & Versailles ,Rd, ,Lincoln & Versailles Rd,O'Neil Blvd,0,0,0,0, , ,County, ,Yes,0, , ,1630,0,  4180-00,SNOW-MA,418000MA, ,44049, ,,,,Lincoln & Versailles Rd/ O Neil Blvd
185,84,0,0,0,758.741220278388,44908,138, ,Dravosburg Bridge Ramp,, ,Dravosburg Bridge Ramp,Elizabeth Rd,0,0,0,0, , ,County, , ,0, , ,1630,0,  5103-04,SNOW,510304, ,44908, ,,,,Dravosburg Bridge Ramp/ Richland Ave
186,85,0,0,0,1723.11572274168,44965,139, ,Dravosburg Bridge Ramp,, ,Dravosburg Bridge Ramp,"Elizabeth Rd, Curry Hollow rd",0,0,0,0, , ,County, , ,0, , ,1630,0,  5103-01,SNOW,510301, ,44965, ,,,,Dravosburg Bridge Ramp/ Elizabeth Rd
187,86,0,0,0,3382.71285735856,45651,14, ,"Bethel Rd, Washington Branch",, ,"Bethel Rd, Washington Branch",Fort Couch Rd,0,0,0,0, , ,County, ,Yes,0, , ,1620,0,  5028-02,SNOW,502802, ,45651, ,,,,"Bethel Rd, Washington Branch"
188,87,0,0,0,12972.0981027645,45976,59, ,Eden Park ,Blvd, ,Eden Park Blvd,"Eden Park Blvd, Hartman St.",0,0,0,0, , ,County, ,Yes,0, , ,1630,0,  4572-00,SNOW-MA,457200MA, ,45976, ,,,,Eden Park Blvd
189,0,0,0,0,1769.609801751,0,0, ,Brownsville ,Rd, ,Brownsville Rd,Old Brownsville Rd,0,0,0,0, , , , , ,0, , ,0,0,  5050-04, , , , , ,1899-12-30T00:00:00.000Z,1899-12-30T00:00:00.000Z,1899-12-30T00:00:00.000Z, 
190,554,0,0,0,3642.66503910599,49088,17, ,McConkey ,Rd, ,McConkey Rd,McConkey Rd,0,0,0,0, , ,County, , ,0, , ,1630,0,  5194-00,SNOW,519400, ,49088, ,,,,Mc Conkey Rd
191,91,0,0,0,9176.47744239583,47020,18, ,East Park ,Dr, ,East Park Dr,East Park Dr,0,0,0,0, , , , , ,0, , ,1630,0,  5110-00,SNOW,511000, ,47020, ,,,,East Park Dr
192,154,0,0,0,453.73816595396,70074,26, ,Old Ridge ,Rd, ,Old Ridge Rd,Ridge Rd,0,0,0,0, , ,County, , ,0, , ,1630,0,  5261-00,SNOW,526100, ,70074, ,,,,Ridge Rd
193,,0,0,0,848.028250552289,78991,, ,Fifth ,St, ,Fifth St,Fifth St,0,0,0,0, , ,County, ,Yes,0, , ,1630,0,  5347-00,,,,,,,,,
194,88,0,0,0,8560.27561141163,46331,105, ,Brightwood ,Rd, ,Brightwood Rd,Brightwood Rd,0,0,0,0, , ,County, ,Yes,0, , ,1630,0,  5043-00,SNOW,504300, ,46331, ,,,,Brightwood Rd
195,89,0,0,0,12573.0632139602,46611,86, ,Millers Grove & Old Clairton ,Rd, ,Millers Grove & Old Clairton Rd,Old Clairton Rd,0,0,0,0, , ,County, ,Yes,0, , ,1630,0,  5211-01,SNOW,521101, ,46611, ,,,,Millers Grove / Old Clairton Rd
196,90,0,0,0,1109.32962079553,46865,1, ,"Bethel Rd, Washington branch",, ,"Bethel Rd, Washington branch",Fort Couch Rd,0,0,0,0, , ,County, ,Yes,0, , ,1620,0,  5028-03,SNOW,502803, ,46865, ,,,,"Bethel Rd, Washington Branch"
197,575,0,0,0,1314.15988993814,23928,34, ,Glen ,Ave, ,Glen Ave (PSC),Glenn Ave ,0,0,0,0, , ,County, , ,0, , ,1630,0,  2137-02,SNOW-MA,213702MA, ,80407, ,,,,Glenn Ave
198,577,0,0,0,2408.09056451085,12481,51650881, ,Browns Hill ,Rd, ,Browns Hill Rd,Browns Hill Rd,4536,4538,4537,4537,Old Browns Hill Rd,Imogene Rd,County,Blue,Yes,4,A31,n,0,19190,  3047-01,SNOW,304701, ,80421, ,,,,Browns Hill Rd
199,578,0,0,0,7538.76719926223,56055,45, ,Mount Carmel ,Rd, ,Mount Carmel Rd,Mt Carmel Rd,0,0,0,0, , ,County, ,Yes,0, , ,1630,0,  3224-00,SNOW,322400, ,80428, ,,,,Mt Carmel Rd
200,579,0,0,0,507.696744733079,78973,112, ,Wilmerding & East McKeesport ,Rd, ,Wilmerding & East McKeesport Rd,Fifth Ave,0,0,0,0, , , , ,Yes,0, , ,1630,0,  4338-01,SNOW,433801, ,80429, ,,,,Wilmerding & E. McKeesport Rd
201,582,0,0,0,2477.74041128543,28606,205, ,Mccoy ,Rd, ,Mccoy Rd,Mccoy Rd,0,0,0,0, , ,County, ,Yes,0, , ,1630,0,  6196-02,SNOW-MA,619602MA, ,80435, ,,,,Mccoy Rd
202,583,0,0,0,2467.56724865049,28606,205, ,Mccoy ,Rd, ,Mccoy Rd,Mccoy Rd,0,0,0,0, , ,County, ,Yes,0, , ,1630,0,  6196-03,SNOW-MA,619603MA, ,80436, ,,,,Mccoy Rd
203,584,0,0,0,1302.67801857429,62179,29, ,Brownsville ,Rd, ,Brownsville Rd,Brownsville Rd,0,0,0,0, , ,County, ,Yes,0, , ,1630,0,  5050-05,SNOW,505005, ,80571, ,,,,Brownsville Rd
204,585,0,0,0,6490.14623527165,48235,20, ,Brownsville ,Rd, ,Brownsville Rd,Brownsville Rd,0,0,0,0, , ,County, , ,0, , ,1620,0,  5050-02,SNOW,505002, ,80579, ,,,,Brownsville Rd
205,130,0,0,0,1551.13359616435,61187,96, ,Anges ,St, ,Anges St,Agnes St,0,0,0,0, , , , , ,0, , ,1630,0,  6356-00,SNOW-MA,635600MA, ,61187, ,,,,Agnes St
206,131,0,0,0,376.664394436984,62376,76, ,Dravosburg bridge Ramp,, ,Dravosburg bridge Ramp,Bridge Ramp,0,0,0,0, , ,County, , ,0, , ,1660,0,  5103-03,SNOW,510303, ,62376, ,,,,Dravosburg Bridge Ramp/ Euclid Ave
207,660,0,0,0,14916.7156570878,73440,6, ,Haymaker ,Rd, ,Haymaker Rd,Haymaker Rd,0,0,0,0, , ,County, ,Yes,0, , ,1630,0,  3142-02,SNOW,314202, ,73440, ,,,,Haymaker Rd
208,660,0,0,0,1318.23091593326,73440,6, ,Haymaker ,Rd, ,Haymaker Rd,Haymaker Rd,0,0,0,0, , ,County, ,Yes,0, , ,1630,0,  3142-01,SNOW,314201, ,73440, ,,,,Haymaker Rd
209,72,0,0,0,3102.14680057206,40449,225, ,Wilmerding ,Rd, ,Wilmerding Rd,Santos-Morelle-Ice Plant Hill E. MCK,0,0,0,0, , ,County, ,Yes,0, , ,1630,0,  4341-00,SNOW,434100, ,40449, ,,,,Wilmerding Rd
210,634,0,0,0,294.854796749679,0,0, ,Painters Run ,Rd, ,Painters Run Rd,Old Painters Run Rd,0,0,0,0, , , , , ,0, , ,0,0,  6242-04,SNOW,624204, ,81521, ,,,,Painters Run Rd
211,132,0,0,0,1263.1625447164,63130,44, ,McCorkle ,Rd, ,McCorkle Rd,McCorkle Rd,0,0,0,0, , ,County, ,Yes,0, , ,1630,0,  5195-01,SNOW,519501, ,63130, ,,,,Mc Conkey Rd
212,133,0,0,0,9525.81947189359,63796,51649673, ,Becks Run ,Rd, ,Becks Run Rd,Becks Run Rd,0,0,0,0,Fagel St,E Carson St,County,Blue, ,0,A31,n,0,19519,  5024-01,SNOW-MA-ALCO,502401, ,63796, ,,,,Becks Run Rd
213,135,0,0,0,602.589742504215,63928,112, ,Dravosburg Bridge Ramp,, ,Dravosburg Bridge Ramp,Bridge Ramp,0,0,0,0, , ,County, , ,0, , ,1660,0,  5103-02,SNOW,510302, ,63928, ,,,,Dravosburg Bridge Ramp
214,136,0,0,0,9715.08015019345,64211,62, ,Beatty ,Rd, ,Beatty Rd,Beatty Rd,0,0,0,0, , ,County, , ,0, , ,1630,0,  3018-00,SNOW-MA,301800MA, ,64211, ,,,,Beatty Rd
215,107,0,0,0,9634.9928848482,51858,1, ,Elizabeth,Rd, ,ElizabethRd,Roberts Hollow Rd,0,0,0,0, , ,County, , ,0, , ,1630,0,  4112-00,SNOW,411200, ,51858, ,,,,Elizabeth Rd/ Roberts Hollow Rd
216,109,0,0,0,9483.53680995502,51903,3, ,Pangburn Hollow ,Rd, ,Pangburn Hollow Rd,Monogahela & Elizabeth Rd,0,0,0,0, , ,County, , ,0, , ,1630,0,  4243-01,SNOW,424301, ,51903, ,,,,Pangburn Hollow Rd
217,110,0,0,0,11403.5551400901,51909,1, ,State ,Rd, ,State Rd,Pineview Rd,0,0,0,0, , ,County, , ,0, , ,1630,0,  4290-00,SNOW,429000, ,51909, ,,,,State Rd/ Pineview Rd
218,111,0,0,0,5973.02941446982,51977,6, ,Finleyville-Wall ,Rd, ,Finleyville-Wall Rd,Wall Rd,0,0,0,0, , ,County, , ,0, , ,1620,0,  4565-00,SNOW,456500, ,51977, ,,,,Finleyville-Wall Rd
219,112,0,0,0,755.834612745503,52509,51631022, ,Crane ,Rd, ,Crane Ave,Crane Ave,0,0,0,0,County/City Maintenance,Banksville Rd,County, ,Yes,2,A31,n,0,18104,  6091-03,SNOW-MA-ALCO,609103, ,52509, ,,,,Crane Rd
220,113,0,0,0,18297.8305572642,53174,47, ,Bairdsford ,Rd, ,Bairdsford Rd,Bairdsford Rd,0,0,0,0, , ,County,Orange,Yes,0, , ,1630,0,  2009-00,SNOW-MA,200900MA, ,53174, ,,,,Bairdsford Rd
221,62,0,0,0,7506.95884560608,32199,15, ,Baldwin ,Rd, ,Baldwin Rd,Baldwin Rd,0,0,0,0, , ,County, ,Yes,0, , ,1630,0,  6014-01,SNOW,601401, ,32199, ,,,,Baldwin Rd
222,63,0,0,0,541.099110793952,33179,70, ,Rosslyn Farms ,Rd, ,Rosslyn Farms Rd,Kings Highway,0,0,0,0, , ,County, ,Yes,0, , ,1630,0,  6268-00,SNOW,626800, ,33179, ,,,,Rosslyn Farms Rd
223,64,0,0,0,1379.70032780516,33516,42, ,Old Campbells Run ,Rd , ,Old Campbells Run Rd ,Old Campbells Run Rd,0,0,0,0, , ,County, , ,0, , ,1640,0,  6072-05,SNOW,607205, ,33516, ,,,,Campbells Run Rd
224,571,0,0,0,340.56925166329,30376,1, ,Airport ,Dr, ,Airport Dr,"Enlow Rd, Old Rt. 978",0,0,0,0, , ,County, , ,0, , ,1630,0,  6347-02,SNOW-MA,634702MA, ,80401, ,,,,Airport Dr
225,571,0,0,0,3984.68280853163,30376,1, ,Airport ,Dr, ,Airport Dr,"Enlow Rd, Old Rt. 978",0,0,0,0, , ,County, , ,0, , ,1630,0,  6347-01,SNOW-MA,634701MA, ,80401, ,,,,Airport Dr
226,65,0,0,0,11230.6203843874,33702,23, ,Monroeville ,Blvd, ,Monroeville Blvd,Monroeville Blvd,0,0,0,0, , ,County, ,Yes,0, , ,1620,0,  3218-00,SNOW,321800, ,33702, ,,,,Monroeville Blvd
227,68,0,0,0,805.259092777229,37017,20, ,Haymaker Extension , Rd, ,Haymaker Extension  Rd,Haymaker Rd,0,0,0,0, , ,County, , ,0, , ,1630,0,3142-05,SNOW-MA,314205, ,37017, ,,,,"Haymaker Rd, Old Loop"
228,164,0,0,0,5539.65872436658,72721,10, ,Lebanon Church Extension ,Rd, ,Lebanon Church Extension Rd,"Old Lebanon Church Rd, Regis Ave",0,0,0,0, , ,County, ,Yes,0, , ,1630,0,  5173-02,SNOW,517302, ,72721, ,,,,Lebanon Church Extension Rd/ Regis Ave
229,153,0,0,0,299.322838105596,70072,12, ,Old Curry Hollow ,Rd, ,Old Curry Hollow Rd,Phillippe St,0,0,0,0, , ,County, , ,0, , ,1630,0,  5095-02,SNOW,509502, ,70072, ,,,,"Curry Hollow Rd, Old/ Phillippe St"
230,608,0,0,0,1522.76091197169,41148,89, ,Vanadium ,Rd, ,Vanadium Rd,"Montgomery Ave, Vanadium Rd",0,0,0,0, , ,County, ,Yes,0, , ,1630,0,  6318-02,SNOW,631802, ,81157, ,,,,Vanadium Rd
231,609,0,0,0,4586.38255061802,0,0, ,Clever ,Rd, ,Clever Rd,Clever Rd,0,0,0,0, , , , , ,0, , ,0,0,  6071-03,SNOW,607103, ,81160, ,,,,Clever Rd
232,611,0,0,0,12903.7471079561,73532,37, ,Churchill ,Rd, ,Churchill Rd,Churchill Rd,0,0,0,0, , ,County, ,Yes,0, , ,1630,0,  3070-00,SNOW-MA,307000MA, ,81162, ,,,,Churchill Rd
233,612,0,0,0,29892.693899595,72888,24, ,Middle ,Rd, ,Middle Rd,Middle Rd,0,0,0,0, , ,County, ,Yes,0, , ,1630,0,  2309-01,SNOW,230901, ,81163, ,,,,Middle Rd
234,613,0,0,0,6953.1828578621,72888,24, ,Middle ,Rd, ,Middle Rd,Middle Rd,0,0,0,0, , ,County, ,Yes,0, , ,1630,0,  2309-04,SNOW,230904, ,81165, ,,,,Middle Rd
235,615,0,0,0,1186.62450900871,74798,284, ,Rankin Bridge Approach N. Side,, ,Rankin Bridge Approach N. Side,Rankin Bridge Approach North Side,0,0,0,0, , , , ,Yes,0, , ,1660,0,  3352-00,SNOW,335200, ,81173, ,,,,Rankin Bridge Approach North Side
236,137,0,0,0,2195.61038984028,64735,5, ,Station Hill ,Rd, ,Station Hill Rd,Station Hill Rd,0,0,0,0, , ,County, , ,0, , ,1630,0,  2011-00,SNOW,201100, ,64735, ,,,,Station Hill Rd
237,138,0,0,0,1101.77560404572,64890,25, ,Lowries Run/ Mt. Nebo (loop) ,Rd, ,Lowries Run/ Mt. Nebo (loop) Rd,Roosevelt Extension,0,0,0,0, , ,County, , ,0, , ,1630,0,  1190-02,SNOW,119002, ,64890, ,,,,Lowries Run/Mount Nebo Rd
238,139,0,0,0,4024.01433090555,65749,60, ,Horning ,Rd, ,Horning Rd,Curry Rd,0,0,0,0, , ,County, ,Yes,0, , ,1630,0,  5152-00,SNOW,515200, ,65749, ,,,,Horning Rd/ Curry Rd
239,140,0,0,0,448.109721303401,65799,70, ,"Bethel Rd, Hillcrest",, ,"Bethel Rd, Hillcrest",Bethel Church Rd,0,0,0,0, , , , , ,0, , ,1630,0,  5028-04,SNOW,502804, ,65799, ,,,,"Bethel Rd, Hillcrest"
240,142,0,0,0,13865.1227952342,66283,36, ,Troy Hill ,Rd, ,Troy Hill Rd,Mt Troy Rd,0,0,0,0, , ,County, ,Yes,0, , ,1630,0,  2312-02,SNOW-MA,231202MA, ,66283, ,,,,Mt Troy Rd
241,143,0,0,0,1258.20405015443,66424,104, ,West View ,Ave, ,West View Ave,West View Ave,0,0,0,0, , ,County, , ,0, , ,1630,0,  2350-00,SNOW,235000, ,66424, ,,,,West View Ave
242,172,0,0,0,5868.88595822918,72835,26, ,Steubenville Pike / Enlow ,Rd, ,Steubenville Pike / Enlow Rd,Cliff Mine Rd,0,0,0,0, , ,County, ,Yes,0, , ,1630,0,  6293-02,SNOW,629302, ,72835, ,,,,Steubenville Pike / Enlow Rd
243,173,0,0,0,11137.0572507904,72887,22, ,Middle ,Rd, ,Middle Rd,Middle Rd,0,0,0,0, , ,County, ,Yes,0, , ,1630,0,  2309-02,SNOW-MA,230902MA, ,72887, ,,,,Middle Rd
244,174,0,0,0,4238.62862022282,72900,31, ,Natrona ,Rd, ,Natrona Rd,Spring Hill Rd,0,0,0,0, , ,County, ,Yes,0, , ,1620,0,  3229-00,SNOW,322900, ,72900, ,,,,Natrona Rd/Spring Hill
245,175,0,0,0,1705.80871661987,73048,20, ,Campbells Run ,Rd, ,Campbells Run Rd,Campbells Run Rd Extension,0,0,0,0, , ,County,Yellow,Yes,0, , ,1630,0,  6072-08,SNOW,607208, ,73048, ,,,,Campbells Run Rd
246,176,0,0,0,8543.49989229743,73098,51654984, ,West Run ,Rd, ,West Run Rd,West Run Rd,0,0,0,0,Kinley Ave,Lougean Ave,County, ,Yes,2,A31,n,0,22637,  5332-02,SNOW,533202, ,73098, ,,,,West Run Rd
247,177,0,0,0,5367.30779972244,73116,21, ,West Run ,Rd, ,West Run Rd,"Forrest Ave, West Run Rd",0,0,0,0, , ,County, ,Yes,0, , ,1630,0,  5332-01,SNOW,533201, ,73116, ,,,,West Run Rd
248,178,0,0,0,1248.69526582754,73134,76, ,W.Run/Homestead-Duquesne Conn ,Rd, ,W.Run/Homestead-Duquesne Conn Rd,22nd Ave Extension,0,0,0,0, , ,County, ,Yes,0, , ,1630,0,  5331-00,SNOW,533100, ,73134, ,,,,West Run / Homestead Duquesne Conn Rd
249,179,0,0,0,20188.1737820976,73198,283, ,Homestead - Duquesne ,Rd, ,Homestead - Duquesne Rd,"Farragut St, Vondera St, Homestead-Duquesne Rd",0,0,0,0, , ,County, ,Yes,0, , ,1630,0,  5147-02,SNOW,514702, ,73198, ,,,,Homestead-Duquesne Rd/ Farragut St
250,567,0,0,0,10371.7732835783,73338,19, ,Newton & Rodi ,Rd, ,Newton & Rodi Rd,"Lougeay Rd, Old Rodi Rd",0,0,0,0, , ,County, ,Yes,0, , ,1630,0,  3234-02,SNOW,323402, ,80350, ,,,,Newton & Rodi Rd/ Lougeay Rd
251,572,0,0,0,2250.7633925662,73960,21, ,Glenfield ,Rd, ,Glenfield Rd,Glenfield Rd,0,0,0,0, , , ,Yellow,Yes,0, , ,1650,0,  1135-03,SNOW-MA,113503MA, ,80404, ,,,,Glenfield Rd
252,573,0,0,0,1124.32392017196,73960,21, ,Glenfield ,Rd, ,Glenfield Rd,Glenfield Rd,0,0,0,0, , , ,Yellow,Yes,0, , ,1650,0,  1135-01,SNOW-MA,113501MA, ,80405, ,,,,Glenfield Rd
253,574,0,0,0,3556.64686174851,23928,34, ,Glen ,Ave, ,Glen Ave,Glenn Ave,0,0,0,0, , ,County, , ,0, , ,1630,0,  2137-01,SNOW-MA,213701MA, ,80406, ,,,,Glenn Ave
254,203,0,0,0,7647.45802747181,78976,88, ,Wilmerding & east Mc Keesport ,Rd, ,Wilmerding & east Mc Keesport Rd,Fifth Ave,0,0,0,0, , ,County,Yellow,Yes,0, , ,1630,0,  4338-02,SNOW,433802, ,78976, ,,,,Wilmerding & E. McKeesport Rd
255,204,0,0,0,5567.01392169489,79712,13, ,Portvue & Lovedale ,Rd, ,Portvue & Lovedale Rd,Liberty Way,0,0,0,0, , ,County, ,Yes,0, , ,1630,0,  4256-02,SNOW,425602, ,79712, ,,,,Portvue-Lovedale Rd
256,207,0,0,0,1571.1681709455,58248,16, ,Portvue & Lovedale ,Rd, ,Portvue & Lovedale Rd,Liberty Way,0,0,0,0, , , , ,Yes,0, , ,1630,0,  4256-01,SNOW,425601, ,80196, ,,,,Portvue-Lovedale Rd
257,208,0,0,0,12778.8125563748,51817,8, ,Round Hill ,Rd, ,Round Hill Rd,Round Hill Rd,0,0,0,0, , ,County, ,Yes,0, , ,1630,0,  4269-01,SNOW,426901, ,80198, ,,,,Round Hill Rd
258,209,0,0,0,1933.61036618438,51817,8, ,Round Hill ,Rd, ,Round Hill Rd Extension,Round Hill Rd Extension,0,0,0,0, , ,County, ,Yes,0, , ,1630,0,  4269-02,SNOW,426902, ,80199, ,,,,Round Hill Rd Extension
259,210,0,0,0,11931.2430246531,49166,29, ,Boston Greenock ,Rd, ,Boston Greenock Rd,Smithfield St,0,0,0,0, , ,County, ,Yes,0, , ,1630,0,  4032-00,SNOW,403200, ,80202, ,,,,Boston-Greenock Rd
260,29,0,0,0,8635.23519544717,21839,94, ,Evergreen ,Rd, ,Evergreen Rd Loop,"Evergreen Rd, Loop",0,0,0,0, , ,County, , ,0, , ,1630,0,  2119-03,SNOW,211903, ,21839, ,,,,"Evergreen Rd, Loop"
261,30,0,0,0,7561.72599929847,21958,46, ,Glen Mitchell ,Rd, ,Glen Mitchell Rd,Glen Mitchell Rd,0,0,0,0, , ,County, , ,0, , ,1630,0,  1136-00,SNOW-MA,113600MA, ,21958, ,,,,Glen Mitchell Rd
262,31,0,0,0,8424.76610159012,22433,14, ,Lowries Run/ Mt. Nebo ,Rd, ,Lowries Run/ Mt. Nebo Rd,Mount Nebo Rd,0,0,0,0, , ,County, ,Yes,0, , ,1630,0,  1190-01,SNOW,119001, ,22433, ,,,,Lowries Run/Mount Nebo Rd
263,32,0,0,0,22100.6889579716,22553,41, ,Thompson Run ,Rd, ,Thompson Run Rd,Thompson Run Rd,0,0,0,0, , ,County, ,Yes,0, , ,1630,0,  2303-00,SNOW,230300, ,22553, ,,,,Thompson Run Rd
264,34,0,0,0,13673.5024945707,23758,68, ,Wible Run ,Rd, ,Wible Run Rd,Wible Run Rd,0,0,0,0, , ,County, ,Yes,0, , ,1630,0,  2335-00,SNOW-MA,233500MA, ,23758, ,,,,Wible Run Rd
265,35,0,0,0,10723.6424141921,23795,1, ,Horne Camp ,Rd, ,Horne Camp Rd,Camp Horne Rd,0,0,0,0, , ,County,Green,Yes,0, , ,1630,0,  1151-00,SNOW-MA,115100MA, ,23795, ,,,,Horne Camp Rd
266,36,0,0,0,10283.3537896397,23969,83, ,Wible-Thompson Run ,Rd, ,Wible-Thompson Run Rd,Anderson Rd,0,0,0,0, , ,County, ,Yes,0, , ,1630,0,  2305-00,SNOW-MA,230500MA, ,23969, ,,,,Wible-Thompson Run Rd
267,123,0,0,0,10921.3388654665,57009,58, ,Schuette ,Rd, ,Schuette Rd,"Schuette Rd, Willet Rd (in Brentwood)",0,0,0,0, , ,County, ,Yes,0, , ,1630,0,  5276-00,SNOW,527600, ,57009, ,,,,Scheuette Rd
268,124,0,0,0,8774.08362471189,57047,30, ,Homeville ,Rd, ,Homeville Rd,Greensprings Ave,0,0,0,0, , ,County, ,Yes,0, , ,1630,0,  5149-01,SNOW,514901, ,57047, ,,,,Homeville Rd/ Greensprings Ave
269,125,0,0,0,16961.9102418991,57226,21, ,Thoms Run & Oakdale,Rd, ,Thoms Run & OakdaleRd,Thomas Run Rd,0,0,0,0, , ,County,Orange,Yes,0, , ,1630,0,  6306-01,SNOW,630601, ,57226, ,,,,Thoms Run / Oakdale Rd
270,127,0,0,0,3666.00993330958,57637,155, ,White Oak Leve ,Rd, ,White Oak Leve Rd,Lincoln Way,0,0,0,0, , ,County, ,Yes,0, , ,1630,0,  4334-00,SNOW,433400, ,57637, ,,,,White Oak Level Rd
271,128,0,0,0,3310.55145563118,60680,70, ,Evergreen ,Rd, ,Evergreen Rd,Evergreen Rd,0,0,0,0, , ,County, , ,0, , ,1630,0,  2119-02,SNOW,211902, ,60680, ,,,,Evergreen Rd
272,129,0,0,0,2979.31508871566,60760,74, ,Evergreen ,Rd, ,Evergreen Rd,Evergreen Rd,0,0,0,0, , ,County, , ,0, , ,1630,0,  2119-01,SNOW,211901, ,60760, ,,,,Evergreen Rd
273,114,0,0,0,13912.4372192015,53879,89, ,Duncan ,Rd, ,Duncan Rd,Duncan Ave,0,0,0,0, , ,County,Green,Yes,0, , ,1630,0,  2105-00,SNOW,210500, ,53879, ,,,,Duncan Ave
274,18,0,0,0,7421.67302920015,17938,26, ,Walter ,Rd, ,Walter Rd,Walter Rd,0,0,0,0, , ,County, ,Yes,0, , ,1630,0,  1324-00,SNOW,132400, ,17938, ,,,,Walter Ave
275,657,0,0,0,3294.58350431796,0,0, ,Potomac ,Ave, ,Potomac Ave,Potomac Ave,0,0,0,0,Greentree Rd,Banksville Rd,County, , ,2, ,n,0,0,  6257-00,SNOW, , ,81857, ,,,,Potomac Rd
276,187,0,0,0,8354.02372664783,73445,12, ,Saunders Station ,Rd, ,Saunders Station Rd,Saunders Station Rd,0,0,0,0, , ,County, ,Yes,0, , ,1630,0,  3569-00,SNOW-MA,356900MA, ,73445, ,,,,Saunders Station Rd
277,586,0,0,0,13680.2818469743,44826,92, ,"Bethel Rd, HillCrest",, ,"Bethel Rd, HillCrest",Bethel Church Rd,0,0,0,0, , ,County, ,Yes,0, , ,1630,0,  5028-01,SNOW,502801, ,80582, ,,,,"Bethel Rd, Hillcrest"
278,126,0,0,0,3195.20209280041,57592,35, ,Whitehall ,Rd, ,Whitehall Rd,Prospect Rd,0,0,0,0, , ,County, ,Yes,0, , ,1630,0,  5333-03,SNOW,533303, ,57592, ,,,,Whitehall Rd
279,9,0,0,0,5108.68323610122,16687,11, ,Brown ,Rd, ,Brown Rd,Brown Rd,0,0,0,0, , ,County, , ,0, , ,1630,0,  1048-00,SNOW,104800, ,16687, ,,,,Brown Rd
280,593,0,0,0,21116.3843517716,17260,15, ,Kummer ,Rd, ,Kummer Rd,Kummer Rd,0,0,0,0, , ,County, , ,0, , ,1630,0,  1170-00,SNOW,117000R8D1, ,80616, ,,,,Kummer Rd
281,193,0,0,0,7175.68741919552,73798,51, ,Hemlock ,Dr, ,Hemlock Dr,Hemlock Dr,0,0,0,0, , ,County, ,Yes,0, , ,1630,0,  2144-02,SNOW,214402, ,73798, ,,,,Hemlock Dr/ Pebbles School Rd
282,563,0,0,0,11073.3238132683,0,0, ,Ridge ,Rd, ,Ridge Rd,"Ridge Rd, Mobay Rd",0,0,0,0, , , , , ,0, , ,0,0,  6265-01,SNOW,626501, ,80288, ,,,,Ridge Rd
283,627,0,0,0,3223.2620840883,0,0, ,Ridge ,Rd, ,Ridge Rd,Ridge Rd,0,0,0,0, , , , , ,0, , ,0,0,  6265-02,SNOW,626502, ,81488, ,,,,Ridge Rd
284,,0,0,0,9543.26574016057,55289,, ,Verona ,Rd, ,Verona Rd,Verona Rd,0,0,0,0, , , , , ,0, , ,1630,0,  3319-00,,,,,,,,,
285,,0,0,0,435.906841536721,70982,, ,Haymaker ,Rd, ,Haymaker Rd,Haymaker Rd,0,0,0,0, , , , , ,0, , ,1630,0,3142-06,,314206,,,,,,,
286,,0,0,0,3246.90815913738,73946,, ,Oliver ,Rd, ,Oliver Rd,Fern Hollow Rd,0,0,0,0, , ,County,Orange,Yes,0, , ,1630,0,  1124-00,,,,,,,,,
292,,0,0,0,2135.9758100075,73058,57,,Ingomar,Rd,,Ingomar Road,Ingomar Rd,0,0,0,0,,,County,,,,,,1630,,1158-01,,,,,,,,,Ingomar Rd
308,,,,,5626.95205224818,,,,Oliver,Ave,,Fern Hollow Road,Oliver Ave,,,,,,,,,,,,,,,1241-00,,,,,,,,,
331,,,,,393.182143887632,,,,16th Street Bidge Approach,,,16th Street Bidge Approach,,,,,,,,,,,,,,,,2355-00,,235500,,,,,,,
332,,0,0,0,1688.19127017963,69459,34, ,Green Commons,Dr, ,Green Commons Dr ,Green Commons Dr,0,0,0,0, , , , , ,0, , ,1630,0,6318-04,SNOW,631804, ,81121, ,,,,Green Commons Dr/ Institution Dr
