id,publisher_id,title,data,format,created_at
40776043-ad00-40f5-9dc8-1fde865ff571,city-of-pittsburgh,311 Data - In Development / 311 Data,https://data.wprdc.org/datastore/dump/40776043-ad00-40f5-9dc8-1fde865ff571,,2015-09-22T15:47:51.012710
5601f50b-05c5-4e73-a1a7-bb5cbb54ae3c,city-of-pittsburgh,311 Data - In Development / 311 Data User Guide,https://docs.google.com/document/d/1S4uouiP1X06BhJTf-9YPXSAuCDlhousYOn6EpMe-9RM/edit?usp=sharing,,2016-03-11T10:03:19.099791
40ddfbed-f225-4320-b4d2-7f1e09da72a4,city-of-pittsburgh,311 Data - In Development / 311 Issue and Category Codebook,https://docs.google.com/spreadsheets/d/1DTDBhwXj1xQG1GCBKPqivlzHQaLh2HLd0SjN1XBPUw0/edit?usp=sharing,,2016-03-11T10:06:43.371385
4e5374be-1a88-47f7-afee-6a79317019b4,city-of-pittsburgh,Pittsburgh PLI Violations Report / Pittsburgh PLI Violations Report,https://data.wprdc.org/datastore/dump/4e5374be-1a88-47f7-afee-6a79317019b4,,2015-12-04T11:17:27.797629
a9b2af0d-f133-40c9-849d-eab12f91d746,allegheny-county,Allegheny County Air Quality / Air Quality Index,http://www.achd.net/airqual/AQIReport.XLS,excel,2015-10-06T17:16:03.150944
7a417847-37bb-4a16-a25e-477f2a71661d,allegheny-county,Allegheny County Air Quality / Air Quality Daily Summary,https://data.wprdc.org/dataset/c7b3266c-adc6-41c0-b19a-8d4353bfcdaf/resource/7a417847-37bb-4a16-a25e-477f2a71661d/download/air-quality-daily-summary.csv,csv,2016-01-07T13:07:25.389729
15d7dbf6-cb3b-407b-ae01-325352deed5c,allegheny-county,Allegheny County Air Quality / Hourly Air Quality Data,https://data.wprdc.org/datastore/dump/15d7dbf6-cb3b-407b-ae01-325352deed5c,,2016-01-22T09:06:45.134496
967f1285-f8fb-4785-9673-64a8ae47588d,allegheny-county,Allegheny County Air Quality / Daily Air Quality Data,https://data.wprdc.org/datastore/dump/967f1285-f8fb-4785-9673-64a8ae47588d,,2016-01-22T09:06:45.858290
c0fcc09a-7ddc-4f79-a4c1-9542301ef9dd,city-of-pittsburgh,Pittsburgh Police Incident Blotter / Incidents,https://data.wprdc.org/datastore/dump/c0fcc09a-7ddc-4f79-a4c1-9542301ef9dd,,2015-02-21T22:38:43.845147
869ca391-7508-4a64-8a27-09cc4799923f,allegheny-county,Allegheny County Jail Daily Census / ACJ Daily Census Data - 06/2016,https://data.wprdc.org/datastore/dump/869ca391-7508-4a64-8a27-09cc4799923f,,2016-06-02T07:30:07.096054
54b2ab9c-568f-4cec-a923-625a1db13c9f,allegheny-county,Allegheny County Jail Daily Census / ACJ Daily Census Data - 05/2016,https://data.wprdc.org/datastore/dump/54b2ab9c-568f-4cec-a923-625a1db13c9f,,2016-05-02T07:30:08.219712
576e0bbd-7236-47f2-abd8-fc2f04188f12,allegheny-county,Allegheny County Jail Daily Census / ACJ Daily Census Data - 04/2016,https://data.wprdc.org/datastore/dump/576e0bbd-7236-47f2-abd8-fc2f04188f12,,2016-04-02T07:30:07.142424
24671304-a3e9-4bb8-b722-48b5cfdea6ed,allegheny-county,Allegheny County Jail Daily Census / ACJ Daily Census Data - 03/2016,https://data.wprdc.org/datastore/dump/24671304-a3e9-4bb8-b722-48b5cfdea6ed,,2016-03-14T13:07:50.980738
673188b6-3cbd-4fe3-bb6c-984ee325f597,allegheny-county,Allegheny County Jail Daily Census / ACJ Daily Census Data - 02/2016,https://data.wprdc.org/datastore/dump/673188b6-3cbd-4fe3-bb6c-984ee325f597,,2016-03-14T12:07:02.386616
35b19857-e653-4801-a4ba-022365341ce9,allegheny-county,Allegheny County Jail Daily Census / ACJ Daily Census Data - 01/2016,https://data.wprdc.org/datastore/dump/35b19857-e653-4801-a4ba-022365341ce9,,2016-03-14T12:58:55.606254
85e0c576-41af-403d-a994-a27834b15157,allegheny-county,Allegheny County Jail Daily Census / ACJ Daily Census Data - 12/2015 ,https://data.wprdc.org/datastore/dump/85e0c576-41af-403d-a994-a27834b15157,,2015-12-02T07:29:42.258762
aa4cae88-0831-46ec-8853-7707202f88f4,allegheny-county,Allegheny County Jail Daily Census / ACJ Daily Census Data - 11/2015 ,https://data.wprdc.org/datastore/dump/aa4cae88-0831-46ec-8853-7707202f88f4,,2015-11-02T13:55:32.436290
e92767c3-f9de-4f8e-919e-85141ce47b7e,allegheny-county,Allegheny County Jail Daily Census / ACJ Daily Census Data - 10/2015 ,https://data.wprdc.org/dataset/d15ca172-66df-4508-8562-5ec54498cfd4/resource/e92767c3-f9de-4f8e-919e-85141ce47b7e/download/fd3b3cae-355c-46ca-a505-b1f0672153c7-5.csv,csv,2015-11-02T12:17:00.529421
8fb43d9a-9fb9-431d-93d2-9be7330dc846,allegheny-county,Allegheny County Jail Daily Census / ACJ Daily Census Data - 09/2015,https://data.wprdc.org/datastore/dump/8fb43d9a-9fb9-431d-93d2-9be7330dc846,,2015-10-15T09:09:17.573122
66cdcd57-6c92-4aaa-8800-0ed9d8f03e22,allegheny-county,Allegheny County Jail Daily Census / ACJ Daily Census Data (Combined),https://data.wprdc.org/datastore/dump/66cdcd57-6c92-4aaa-8800-0ed9d8f03e22,,2015-10-14T14:48:13.258677
9822dc91-bacb-46d8-999f-19b267992118,allegheny-county,Allegheny County Jail Daily Census / ACJ Census Data Dictionary,https://data.wprdc.org/dataset/d15ca172-66df-4508-8562-5ec54498cfd4/resource/9822dc91-bacb-46d8-999f-19b267992118/download/acjcensusdatadictionary.csv,csv,2015-10-14T16:25:32.811051
30247275-2c96-4107-9f11-a639cfe886c8,allegheny-county,Allegheny County Jail Daily Census / ACJ Daily Census Data - 07/2016,https://data.wprdc.org/datastore/dump/30247275-2c96-4107-9f11-a639cfe886c8,,2016-07-02T07:30:07.588832
65e5e21e-57bc-42fc-b40d-bf4b58ce361f,allegheny-county,Allegheny County Jail Daily Census / ACJ Daily Census Data - 08/2016,https://data.wprdc.org/datastore/dump/65e5e21e-57bc-42fc-b40d-bf4b58ce361f,,2016-08-02T07:30:07.534414
4b68a6dd-b7ea-4385-b88e-e7d77ff0b294,university-of-pittsburgh,Parcel Centroids in Allegheny County with Geographic Identifiers / Parcel Centroid August 2016,https://data.wprdc.org/dataset/2536e5e2-253b-4c58-969d-687828bb94c6/resource/4b68a6dd-b7ea-4385-b88e-e7d77ff0b294/download/parcelcentroidaug102016.csv,csv,2016-08-10T15:30:44.636597
d68baaec-acef-4fa9-8870-4067dcf8d13c,university-of-pittsburgh,"Parcel Centroids in Allegheny County with Geographic Identifiers / Parcel Centroid Data Dictionary August 10, 2016",https://data.wprdc.org/dataset/2536e5e2-253b-4c58-969d-687828bb94c6/resource/d68baaec-acef-4fa9-8870-4067dcf8d13c/download/parcelcentroiddatadictionaryaug102016.csv,csv,2016-08-10T15:31:51.801919
91abbccc-3b86-4cd7-a204-bbbd0363ac84,university-of-pittsburgh,Parcel Centroids in Allegheny County with Geographic Identifiers / Data Dictionary,https://data.wprdc.org/dataset/2536e5e2-253b-4c58-969d-687828bb94c6/resource/91abbccc-3b86-4cd7-a204-bbbd0363ac84/download/parcelcentroiddatadictionarysept2015.csv,csv,2015-11-02T11:41:58.909300
84cb6774-bc42-4f41-97ff-d1d3ed4b427a,allegheny-county,Allegheny County Asbestos Permits / Asbestos Permits Data Dictionary,https://data.wprdc.org/datastore/dump/84cb6774-bc42-4f41-97ff-d1d3ed4b427a,,2016-08-09T13:37:02.818053
0a5408a4-8358-4b14-9317-090db7c61fd9,allegheny-county,Allegheny County Asbestos Permits / Asbestos Permits,https://data.wprdc.org/datastore/dump/0a5408a4-8358-4b14-9317-090db7c61fd9,,2016-08-09T13:30:31.804336
c294431f-40cb-41ed-acb9-9a75110e6535,allegheny-county,Allegheny County Boundary / ArcGIS Open Dataset,http://openac.alcogis.opendata.arcgis.com/datasets/12d17d63e67d4b22b833b5733abf2f7e_0,,2016-08-08T09:15:29.448731
1a43d45a-7d29-47da-ac7a-043c8b3a1cab,allegheny-county,Allegheny County Boundary / Esri Rest API,https://services1.arcgis.com/vdNDkVykv9vEWFX4/arcgis/rest/services/Allegheny_County_Boundary/FeatureServer/0,,2016-08-08T09:15:29.448753
17cb8122-65ac-4fa2-a485-d97d71ce2ccc,allegheny-county,Allegheny County Boundary / CSV,http://openac.alcogis.opendata.arcgis.com/datasets/12d17d63e67d4b22b833b5733abf2f7e_0.csv,csv,2016-08-08T09:15:29.448772
4d08bf82-398c-4490-8ff1-0809a509bd21,allegheny-county,Allegheny County Dam Locations / ArcGIS Open Dataset,http://openac.alcogis.opendata.arcgis.com/datasets/46c367ef407741c7af00153c62900c1b_0,,2016-08-08T09:15:28.823123
8f7838df-e2c2-4b80-932e-fabe5a7a68d7,allegheny-county,Allegheny County Dam Locations / Esri Rest API,https://services1.arcgis.com/vdNDkVykv9vEWFX4/arcgis/rest/services/Allegheny_County_Dam_Locations/FeatureServer/0,,2016-08-08T09:15:28.823138
0f1d8a97-9c64-43d5-89e7-1b28161a7d18,allegheny-county,Allegheny County Dam Locations / CSV,http://openac.alcogis.opendata.arcgis.com/datasets/46c367ef407741c7af00153c62900c1b_0.csv,csv,2016-08-08T09:15:28.823148
58c7ada4-f98c-41f6-978c-d30ec0b5565b,allegheny-county,Allegheny County Street Centerlines / ArcGIS Open Dataset,http://openac.alcogis.opendata.arcgis.com/datasets/4aefb4499aef4d88bb2563be74d964ac_0,,2016-08-08T09:15:24.199784
43071334-83cf-436c-823d-edf6b113a60c,allegheny-county,Allegheny County Street Centerlines / Esri Rest API,http://geodata.alleghenycounty.us/arcgis/rest/services/EGIS/AC_Centerlines/MapServer/0,,2016-08-08T09:15:24.199801
ef9294e7-4924-437f-ae20-00c9230092a4,allegheny-county,Allegheny County Street Centerlines / CSV,http://openac.alcogis.opendata.arcgis.com/datasets/4aefb4499aef4d88bb2563be74d964ac_0.csv,csv,2016-08-08T09:15:24.199810
51e0ea6f-c90d-4f68-a60e-766f73f777f0,allegheny-county,Allegheny County Cemetery Outlines / ArcGIS Open Dataset,http://openac.alcogis.opendata.arcgis.com/datasets/4d83e90db45e48a688376c431ceec81f_0,,2016-08-08T09:15:23.818893
66997374-b595-494d-b8b7-589a53d1177a,allegheny-county,Allegheny County Cemetery Outlines / Esri Rest API,https://services1.arcgis.com/vdNDkVykv9vEWFX4/arcgis/rest/services/Cemeteries/FeatureServer/0,,2016-08-08T09:15:23.818909
ba3cdabf-7917-47b4-975c-d30a4d73360a,allegheny-county,Allegheny County Cemetery Outlines / CSV,http://openac.alcogis.opendata.arcgis.com/datasets/4d83e90db45e48a688376c431ceec81f_0.csv,csv,2016-08-08T09:15:23.818919
68782490-7565-4046-a245-56a67f54f864,allegheny-county,Allegheny County-Owned Bridges Centerlines / ArcGIS Open Dataset,http://openac.alcogis.opendata.arcgis.com/datasets/5740c4d8646b4536910803ac4801aa11_0,,2016-08-08T09:15:21.494706
92acca47-0549-475d-82f8-6754d06a9d21,allegheny-county,Allegheny County-Owned Bridges Centerlines / Esri Rest API,https://services1.arcgis.com/vdNDkVykv9vEWFX4/arcgis/rest/services/Allegheny_County_Owned_Bridges/FeatureServer/0,,2016-08-08T09:15:21.494722
c32e11f9-b3b0-47ac-946e-82b6ff215661,allegheny-county,Allegheny County-Owned Bridges Centerlines / CSV,http://openac.alcogis.opendata.arcgis.com/datasets/5740c4d8646b4536910803ac4801aa11_0.csv,csv,2016-08-08T09:15:21.494733
181f1325-ca60-48ad-8373-7ae58bb82de6,allegheny-county,Allegheny County Soil Type Areas / ArcGIS Open Dataset,http://openac.alcogis.opendata.arcgis.com/datasets/5fe0dfa186d5468fbcedfff5555fae29_0,,2016-08-08T09:15:19.669660
1d6fce9a-a46c-4f41-a9fa-c6db00187d83,allegheny-county,Allegheny County Soil Type Areas / Esri Rest API,https://services1.arcgis.com/vdNDkVykv9vEWFX4/arcgis/rest/services/Soils/FeatureServer/0,,2016-08-08T09:15:19.669685
7d34f31a-afae-446c-a4f1-91a86e571f9b,allegheny-county,Allegheny County Soil Type Areas / CSV,http://openac.alcogis.opendata.arcgis.com/datasets/5fe0dfa186d5468fbcedfff5555fae29_0.csv,csv,2016-08-08T09:15:19.669696
187efe5e-5896-427b-9fa9-7488be994041,allegheny-county,Allegheny County Wooded Area Boundaries / ArcGIS Open Dataset,http://openac.alcogis.opendata.arcgis.com/datasets/633565f21e534a4e8b8143dc0fffbe6c_0,,2016-08-08T09:15:16.462943
e396f6ac-6305-4f63-a6ef-7544d569d7fb,allegheny-county,Allegheny County Wooded Area Boundaries / Esri Rest API,https://services1.arcgis.com/vdNDkVykv9vEWFX4/arcgis/rest/services/Wooded_Areas/FeatureServer/0,,2016-08-08T09:15:16.462968
12dec512-5f0e-48bf-8e72-c03d1f4d569f,allegheny-county,Allegheny County Wooded Area Boundaries / CSV,http://openac.alcogis.opendata.arcgis.com/datasets/633565f21e534a4e8b8143dc0fffbe6c_0.csv,csv,2016-08-08T09:15:16.463245
b29b10f3-83af-4dbd-acf5-92909b8a49d3,allegheny-county,Allegheny County-Owned Bridges Points / ArcGIS Open Dataset,http://openac.alcogis.opendata.arcgis.com/datasets/65e21a4d53b9419b9c422657cac63a1b_0,,2016-08-08T09:15:14.086043
dd127f65-889b-4316-9a00-a6e8a664bca2,allegheny-county,Allegheny County-Owned Bridges Points / Esri Rest API,https://services1.arcgis.com/vdNDkVykv9vEWFX4/arcgis/rest/services/Allegheny_County_Owned_Bridges_points/FeatureServer/0,,2016-08-08T09:15:14.086088
6133004b-2bc0-44bf-9480-5588e794ba10,allegheny-county,Allegheny County-Owned Bridges Points / CSV,http://openac.alcogis.opendata.arcgis.com/datasets/65e21a4d53b9419b9c422657cac63a1b_0.csv,csv,2016-08-08T09:15:14.086137
4822baa9-aa40-457c-b737-3eda5af10d5a,allegheny-county,Allegheny County Basin Outlines Map / ArcGIS Open Dataset,http://openac.alcogis.opendata.arcgis.com/datasets/8f7d3d37eee544d4998b40f7b964634f_0,,2016-08-08T09:15:13.141555
37f3354e-892e-4039-b161-6225e9c581b2,allegheny-county,Allegheny County Basin Outlines Map / Esri Rest API,https://services1.arcgis.com/vdNDkVykv9vEWFX4/arcgis/rest/services/Basins/FeatureServer/0,,2016-08-08T09:15:13.141580
0d6244ca-332c-4f6b-be9e-199752d0fdf5,allegheny-county,Allegheny County Basin Outlines Map / CSV,http://openac.alcogis.opendata.arcgis.com/datasets/8f7d3d37eee544d4998b40f7b964634f_0.csv,csv,2016-08-08T09:15:13.141591
71812495-c18b-4793-a93c-0faa4145b845,allegheny-county,Allegheny County Land Cover Areas / ArcGIS Open Dataset,http://openac.alcogis.opendata.arcgis.com/datasets/961ee66b67ca4b32bfbcc79bc4ed29ef_0,,2016-08-08T09:15:12.454768
cf97f239-4bb3-414b-8a73-94d7bec486da,allegheny-county,Allegheny County Land Cover Areas / Esri Rest API,https://services1.arcgis.com/vdNDkVykv9vEWFX4/arcgis/rest/services/Land_Cover/FeatureServer/0,,2016-08-08T09:15:12.454878
f4a7ab90-d12d-459e-86f1-57e53bd46e59,allegheny-county,Allegheny County Land Cover Areas / CSV,http://openac.alcogis.opendata.arcgis.com/datasets/961ee66b67ca4b32bfbcc79bc4ed29ef_0.csv,csv,2016-08-08T09:15:12.454919
d3b818cc-db03-4f95-8da3-5753b4bb9f33,allegheny-county,Allegheny County Hydrology Areas / ArcGIS Open Dataset,http://openac.alcogis.opendata.arcgis.com/datasets/9ff3941e47f74c609057cb60f4992852_0,,2016-08-08T09:15:12.055178
42d17dff-33c4-4647-8c5a-1f2dca591620,allegheny-county,Allegheny County Hydrology Areas / Esri Rest API,https://services1.arcgis.com/vdNDkVykv9vEWFX4/arcgis/rest/services/Hydrology_Areas/FeatureServer/0,,2016-08-08T09:15:12.055199
27703fae-9e3e-4f69-9168-b869da533bcc,allegheny-county,Allegheny County Hydrology Areas / CSV,http://openac.alcogis.opendata.arcgis.com/datasets/9ff3941e47f74c609057cb60f4992852_0.csv,csv,2016-08-08T09:15:12.055208
287320f4-d918-4143-aab5-c6aadc8bf6a1,allegheny-county,Allegheny County Public Building Locations / ArcGIS Open Dataset,http://openac.alcogis.opendata.arcgis.com/datasets/c777eb147c784497b1d4bc9f4efa5161_0,,2016-08-08T09:15:11.538398
49a6f36a-f428-449f-94ea-b6aedfc44ce4,allegheny-county,Allegheny County Public Building Locations / Esri Rest API,https://services1.arcgis.com/vdNDkVykv9vEWFX4/arcgis/rest/services/Public_Buildings/FeatureServer/0,,2016-08-08T09:15:11.538413
d7a0ea30-29e4-4bc1-98e0-45967952885d,allegheny-county,Allegheny County Public Building Locations / CSV,http://openac.alcogis.opendata.arcgis.com/datasets/c777eb147c784497b1d4bc9f4efa5161_0.csv,csv,2016-08-08T09:15:11.538424
b621e08b-931b-4411-a71b-9d8f630bbc78,allegheny-county,Allegheny County Council Districts / ArcGIS Open Dataset,http://openac.alcogis.opendata.arcgis.com/datasets/d1e98be0250147c99974b27ed7140ddc_0,,2016-08-08T09:15:11.138062
936d8f55-35eb-404a-8e38-c63f5acbc268,allegheny-county,Allegheny County Council Districts / Esri Rest API,https://services1.arcgis.com/vdNDkVykv9vEWFX4/arcgis/rest/services/Council_Districts/FeatureServer/0,,2016-08-08T09:15:11.138078
3ce84eab-810d-4628-9ab3-97caec91c64c,allegheny-county,Allegheny County Council Districts / CSV,http://openac.alcogis.opendata.arcgis.com/datasets/d1e98be0250147c99974b27ed7140ddc_0.csv,csv,2016-08-08T09:15:11.138087
ba9b8880-6110-43f0-878e-8d8527441dd2,allegheny-county,Allegheny County Pennsylvania U.S. Legislative Congressional District Boundaries / ArcGIS Open Dataset,http://openac.alcogis.opendata.arcgis.com/datasets/d3f349ea4e4047f38c0dc56a39c7cfde_0,,2016-08-08T09:15:10.955853
8a02f864-cb02-4b83-8973-2b056480bbbb,allegheny-county,Allegheny County Pennsylvania U.S. Legislative Congressional District Boundaries / Esri Rest API,https://services1.arcgis.com/vdNDkVykv9vEWFX4/arcgis/rest/services/US_Legislative_Congressional_Districts/FeatureServer/0,,2016-08-08T09:15:10.955869
a78fe764-aec6-4ede-8557-bfedce827230,allegheny-county,Allegheny County Pennsylvania U.S. Legislative Congressional District Boundaries / CSV,http://openac.alcogis.opendata.arcgis.com/datasets/d3f349ea4e4047f38c0dc56a39c7cfde_0.csv,csv,2016-08-08T09:15:10.955879
6dc622ad-0756-4e36-ad6b-bc21ee7614ee,allegheny-county,Allegheny County Major Rivers / ArcGIS Open Dataset,http://openac.alcogis.opendata.arcgis.com/datasets/def3bd39f12d408c9bd097f5a3b3b136_0,,2016-08-08T09:15:10.605263
2c27b2f2-20ef-46fb-a68b-2fd21c95719d,allegheny-county,Allegheny County Major Rivers / Esri Rest API,https://services1.arcgis.com/vdNDkVykv9vEWFX4/arcgis/rest/services/Major_Rivers/FeatureServer/0,,2016-08-08T09:15:10.605280
331cd651-bef5-4a8b-8b78-f1f322d9cc09,allegheny-county,Allegheny County Major Rivers / CSV,http://openac.alcogis.opendata.arcgis.com/datasets/def3bd39f12d408c9bd097f5a3b3b136_0.csv,csv,2016-08-08T09:15:10.605290
ca11f571-ea25-4fa7-a66e-f38522ae25cb,allegheny-county,Allegheny County Block Areas / ArcGIS Open Dataset,http://openac.alcogis.opendata.arcgis.com/datasets/dfb2d043543443b19c46f746e0d6a7cf_0,,2016-08-08T09:15:10.359383
a84579f9-0115-4ebf-b156-80262e7b8fbf,allegheny-county,Allegheny County Block Areas / Esri Rest API,https://services1.arcgis.com/vdNDkVykv9vEWFX4/arcgis/rest/services/Blocks/FeatureServer/0,,2016-08-08T09:15:10.359405
f9db0d00-d138-4a0a-becd-80cbcd30955b,allegheny-county,Allegheny County Block Areas / CSV,http://openac.alcogis.opendata.arcgis.com/datasets/dfb2d043543443b19c46f746e0d6a7cf_0.csv,csv,2016-08-08T09:15:10.359414
a634e1bf-f190-4430-b18c-5ed2dd65ed25,allegheny-county,Allegheny County Beltway System Street Centerlines / ArcGIS Open Dataset,http://openac.alcogis.opendata.arcgis.com/datasets/efef714cf0dd4ea1a4786d6bb6d08fd9_0,,2016-08-08T09:15:10.085812
3331ad62-2d90-4278-b6ee-b5b4f654fa11,allegheny-county,Allegheny County Beltway System Street Centerlines / Esri Rest API,https://services1.arcgis.com/vdNDkVykv9vEWFX4/arcgis/rest/services/Allegheny_County_Beltway_System_Roads/FeatureServer/0,,2016-08-08T09:15:10.085833
28b0ade7-c98e-4678-a1cc-fa2a4a3b8f21,allegheny-county,Allegheny County Beltway System Street Centerlines / CSV,http://openac.alcogis.opendata.arcgis.com/datasets/efef714cf0dd4ea1a4786d6bb6d08fd9_0.csv,csv,2016-08-08T09:15:10.085843
235a2f50-f4fe-45d0-9421-6671f656b36c,allegheny-county,Allegheny County School District Boundaries / ArcGIS Open Dataset,http://openac.alcogis.opendata.arcgis.com/datasets/f5ac385118344bbf8f707cd88ba31a45_0,,2016-08-08T09:15:09.887034
99ceb116-58e7-40cb-b013-7ac5ad21118c,allegheny-county,Allegheny County School District Boundaries / Esri Rest API,https://services1.arcgis.com/vdNDkVykv9vEWFX4/arcgis/rest/services/Allegheny_County_School_Districts/FeatureServer/0,,2016-08-08T09:15:09.887061
6d8a84bd-2090-4b85-97b1-0207c8b59b9a,allegheny-county,Allegheny County School District Boundaries / CSV,http://openac.alcogis.opendata.arcgis.com/datasets/f5ac385118344bbf8f707cd88ba31a45_0.csv,csv,2016-08-08T09:15:09.887072
c3806d66-237c-45f6-aa83-fb804bab5fa1,allegheny-county,Allegheny County Map Index Grid / ArcGIS Open Dataset,http://openac.alcogis.opendata.arcgis.com/datasets/fd536d7506cf4d35a4f75fa76aa4c57d_0,,2016-08-08T09:15:09.600148
92db89c8-e658-4334-933d-3b11ef4572cf,allegheny-county,Allegheny County Map Index Grid / Esri Rest API,https://services1.arcgis.com/vdNDkVykv9vEWFX4/arcgis/rest/services/Index/FeatureServer/0,,2016-08-08T09:15:09.600169
d7c26f79-d662-446c-b77c-2dfd7f3d4b96,allegheny-county,Allegheny County Map Index Grid / CSV,http://openac.alcogis.opendata.arcgis.com/datasets/fd536d7506cf4d35a4f75fa76aa4c57d_0.csv,csv,2016-08-08T09:15:09.600183
713ca1bd-7e2a-4821-9189-09e0e7e98e4b,allegheny-county,Allegheny County Pennsylvania House of Representatives District Boundaries / ArcGIS Open Dataset,http://openac.alcogis.opendata.arcgis.com/datasets/ff02e0b9fd7946ffbf7cf661e2ffd7de_0,,2016-08-08T09:15:09.384661
19763043-46b9-4e20-b901-d4a58f3773f4,allegheny-county,Allegheny County Pennsylvania House of Representatives District Boundaries / Esri Rest API,https://services1.arcgis.com/vdNDkVykv9vEWFX4/arcgis/rest/services/Allegheny_County_Pennsylvania_House_of_Representatives_Districts/FeatureServer/0,,2016-08-08T09:15:09.384678
e76dfa8a-66a9-4453-adc2-1c333edc51ad,allegheny-county,Allegheny County Pennsylvania House of Representatives District Boundaries / CSV,http://openac.alcogis.opendata.arcgis.com/datasets/ff02e0b9fd7946ffbf7cf661e2ffd7de_0.csv,csv,2016-08-08T09:15:09.384688
e118cb29-7198-42d6-89ba-2afa9c459749,allegheny-county,Allegheny County Land Use Areas / ArcGIS Open Dataset,http://openac.alcogis.opendata.arcgis.com/datasets/eb92126f86274dc7b31b757892eade98_0,,2016-08-08T09:15:09.377080
8e04cf82-c6ad-4ade-82d2-605ba655b79f,allegheny-county,Allegheny County Land Use Areas / Esri Rest API,https://services1.arcgis.com/vdNDkVykv9vEWFX4/arcgis/rest/services/Land_Use/FeatureServer/0,,2016-08-08T09:15:09.377098
421acf48-122d-4f20-99c0-0a2f61efcaee,allegheny-county,Allegheny County Land Use Areas / CSV,http://openac.alcogis.opendata.arcgis.com/datasets/eb92126f86274dc7b31b757892eade98_0.csv,csv,2016-08-08T09:15:09.377108
af3e4a4c-1a7f-4f9b-b192-73698eb84c42,allegheny-county,Allegheny County Polling Place Locations (November 2014) / ArcGIS Open Dataset,http://openac.alcogis.opendata.arcgis.com/datasets/f3bd69247ecc4e419508b8fb3eebcc7f_0,,2016-08-08T09:15:08.907629
a6b2f2a5-198e-40ff-ab4d-23db6f26faa6,allegheny-county,Allegheny County Polling Place Locations (November 2014) / Esri Rest API,https://services1.arcgis.com/vdNDkVykv9vEWFX4/arcgis/rest/services/Polling_Places/FeatureServer/0,,2016-08-08T09:15:08.907646
1d0a69a5-8b3e-44ae-977a-0b384e897fe9,allegheny-county,Allegheny County Polling Place Locations (November 2014) / CSV,http://openac.alcogis.opendata.arcgis.com/datasets/f3bd69247ecc4e419508b8fb3eebcc7f_0.csv,csv,2016-08-08T09:15:08.907656
acf901e8-9b1a-45af-84c5-1fc466e2246a,allegheny-county,Allegheny County Polling Place Locations (November 2015) / ArcGIS Open Dataset,http://openac.alcogis.opendata.arcgis.com/datasets/aac87cc82fd243f3b589fc0004531216_0,,2016-08-08T09:15:08.637904
01bb3052-1049-45a1-a70c-7762784f3a4c,allegheny-county,Allegheny County Polling Place Locations (November 2015) / Esri Rest API,https://services1.arcgis.com/vdNDkVykv9vEWFX4/arcgis/rest/services/Nov15updates/FeatureServer/0,,2016-08-08T09:15:08.637920
9b6466b6-d130-4f20-a471-ceece0b6df1d,allegheny-county,Allegheny County Polling Place Locations (November 2015) / CSV,http://openac.alcogis.opendata.arcgis.com/datasets/aac87cc82fd243f3b589fc0004531216_0.csv,csv,2016-08-08T09:15:08.637930
64b247b3-0410-4c69-aefc-ed404f521047,allegheny-county,Allegheny County Address Points / ArcGIS Open Dataset,http://openac.alcogis.opendata.arcgis.com/datasets/c4bff67870034113b2c95c6ef228af0c_0,,2016-08-08T09:15:08.487072
a2fc7e1f-017f-4605-b2a4-64529abf3e81,allegheny-county,Allegheny County Address Points / Esri Rest API,http://geodata.alleghenycounty.us/arcgis/rest/services/OPENDATA/Addresses/MapServer/0,,2016-08-08T09:15:08.487095
d8dd66d4-6d95-4d5d-b0a5-b40d87123637,allegheny-county,Allegheny County Address Points / CSV,http://openac.alcogis.opendata.arcgis.com/datasets/c4bff67870034113b2c95c6ef228af0c_0.csv,csv,2016-08-08T09:15:08.487105
4d02ac04-bd9d-4ae2-abc5-47bbd6d51114,allegheny-county,Allegheny County WIC Vendor Locations / ArcGIS Open Dataset,http://openac.alcogis.opendata.arcgis.com/datasets/ab9ec54e46d8403db31cff6bdc890aff_0,,2016-08-08T09:15:08.229840
e6d2f8dd-a345-47c1-91e6-7fdcf7e892ab,allegheny-county,Allegheny County WIC Vendor Locations / Esri Rest API,https://services1.arcgis.com/vdNDkVykv9vEWFX4/arcgis/rest/services/Allegheny_County_WIC_Vendor_Locations/FeatureServer/0,,2016-08-08T09:15:08.229862
fd569732-23de-48ba-aea2-7bfec026178f,allegheny-county,Allegheny County WIC Vendor Locations / CSV,http://openac.alcogis.opendata.arcgis.com/datasets/ab9ec54e46d8403db31cff6bdc890aff_0.csv,csv,2016-08-08T09:15:08.229872
2eb8fdb2-9833-4d58-a726-3ded3fc201e6,allegheny-county,Allegheny County Cell Tower Points / ArcGIS Open Dataset,http://openac.alcogis.opendata.arcgis.com/datasets/9205acf132454d6cbf5d5e156bda5bf4_0,,2016-08-08T09:15:07.973491
63464ebf-1c8c-494b-a90f-d0484e7473f1,allegheny-county,Allegheny County Cell Tower Points / Esri Rest API,https://services1.arcgis.com/vdNDkVykv9vEWFX4/arcgis/rest/services/CellTowers/FeatureServer/0,,2016-08-08T09:15:07.973507
4b4fa988-8533-4798-b903-c0171a7b1f6d,allegheny-county,Allegheny County Cell Tower Points / CSV,http://openac.alcogis.opendata.arcgis.com/datasets/9205acf132454d6cbf5d5e156bda5bf4_0.csv,csv,2016-08-08T09:15:07.973517
991a8a4c-9545-45c1-85f9-8ad51b47389e,allegheny-county,Allegheny County Magisterial Districts Outlines (2015) / ArcGIS Open Dataset,http://openac.alcogis.opendata.arcgis.com/datasets/9ff374e08cf948b1b0bf3cef546a214c_0,,2016-08-08T09:15:07.741786
8bbc1ba7-1b5f-4b89-9fd9-3bc9d46fdad3,allegheny-county,Allegheny County Magisterial Districts Outlines (2015) / Esri Rest API,https://services1.arcgis.com/vdNDkVykv9vEWFX4/arcgis/rest/services/MyMapService/FeatureServer/0,,2016-08-08T09:15:07.741803
bf29fd60-407a-41be-8a57-f4fe389fc125,allegheny-county,Allegheny County Magisterial Districts Outlines (2015) / CSV,http://openac.alcogis.opendata.arcgis.com/datasets/9ff374e08cf948b1b0bf3cef546a214c_0.csv,csv,2016-08-08T09:15:07.741813
66e3541e-c4eb-4819-b66a-95a1a5587ff1,allegheny-county,Allegheny County-Owned Roads Centerlines / ArcGIS Open Dataset,http://openac.alcogis.opendata.arcgis.com/datasets/8f48fccd18e6498e84b97ed152e17d04_0,,2016-08-08T09:15:07.570322
c41de4d5-a844-4fb7-b192-eaa69a133140,allegheny-county,Allegheny County-Owned Roads Centerlines / Esri Rest API,https://services1.arcgis.com/vdNDkVykv9vEWFX4/arcgis/rest/services/AlleghenyCountyOwnedRoadsCenterlines/FeatureServer/0,,2016-08-08T09:15:07.570338
8f41b3b7-5a4b-4ada-ae3e-87334cd14204,allegheny-county,Allegheny County-Owned Roads Centerlines / CSV,http://openac.alcogis.opendata.arcgis.com/datasets/8f48fccd18e6498e84b97ed152e17d04_0.csv,csv,2016-08-08T09:15:07.570349
c9dfbdbf-6040-480a-98f4-4c3e4afcafc1,allegheny-county,Allegheny County Department of Public Works Maintenance District Boundaries / ArcGIS Open Dataset,http://openac.alcogis.opendata.arcgis.com/datasets/92ec7a6d562b46da9323009d17009b89_0,,2016-08-08T09:15:07.302204
bcd87ccf-b147-4f1b-8bc1-659541e45a3f,allegheny-county,Allegheny County Department of Public Works Maintenance District Boundaries / Esri Rest API,https://services1.arcgis.com/vdNDkVykv9vEWFX4/arcgis/rest/services/DPW_Maintenance_Districts/FeatureServer/0,,2016-08-08T09:15:07.302224
31ef458b-8516-41e3-9843-22f36a1322cc,allegheny-county,Allegheny County Department of Public Works Maintenance District Boundaries / CSV,http://openac.alcogis.opendata.arcgis.com/datasets/92ec7a6d562b46da9323009d17009b89_0.csv,csv,2016-08-08T09:15:07.302234
35cf1725-93cc-4c3c-9e26-eccae27b7bdc,allegheny-county,Allegheny County  Zip Code Boundaries / ArcGIS Open Dataset,http://openac.alcogis.opendata.arcgis.com/datasets/d71d9b907e2940219e426900a24c8da7_0,,2016-08-08T09:15:06.856624
70027dc8-55e7-476a-b7b7-bcf4ff343f9c,allegheny-county,Allegheny County  Zip Code Boundaries / Esri Rest API,https://services1.arcgis.com/vdNDkVykv9vEWFX4/arcgis/rest/services/Allegheny_County__Zip_Code_Boundaries/FeatureServer/0,,2016-08-08T09:15:06.856644
eeba9b4c-2265-4ab8-8bce-bb5b5a5e1a5c,allegheny-county,Allegheny County  Zip Code Boundaries / CSV,http://openac.alcogis.opendata.arcgis.com/datasets/d71d9b907e2940219e426900a24c8da7_0.csv,csv,2016-08-08T09:15:06.856654
fed2409a-84c7-4e2e-875f-7d632df19876,allegheny-county,Allegheny County Municipal Boundaries / ArcGIS Open Dataset,http://openac.alcogis.opendata.arcgis.com/datasets/9de0e9c07af04e638dbc9cb9070962c2_0,,2016-08-08T09:15:06.774294
405f46aa-91e6-42f6-baf1-54d8b716c9bc,allegheny-county,Allegheny County Municipal Boundaries / Esri Rest API,https://services1.arcgis.com/vdNDkVykv9vEWFX4/arcgis/rest/services/AlleghenyCountyMunicipalBoundaries/FeatureServer/0,,2016-08-08T09:15:06.774310
86fcd923-475e-49af-b8c4-12fd0954a547,allegheny-county,Allegheny County Municipal Boundaries / CSV,http://openac.alcogis.opendata.arcgis.com/datasets/9de0e9c07af04e638dbc9cb9070962c2_0.csv,csv,2016-08-08T09:15:06.774320
1af84a12-63b9-47a3-ab18-b17e15de07fa,allegheny-county,Allegheny County Parks Outlines / ArcGIS Open Dataset,http://openac.alcogis.opendata.arcgis.com/datasets/f3ed40df96314490b56f708333a53117_0,,2016-08-08T09:15:06.564595
272ca983-59c5-4578-a04a-2b988ff37ddb,allegheny-county,Allegheny County Parks Outlines / Esri Rest API,https://services1.arcgis.com/vdNDkVykv9vEWFX4/arcgis/rest/services/AlCo_Parks_Polygons_DD/FeatureServer/0,,2016-08-08T09:15:06.564615
8101fd68-ad53-4772-b4bb-1f50fc3d5a75,allegheny-county,Allegheny County Parks Outlines / CSV,http://openac.alcogis.opendata.arcgis.com/datasets/f3ed40df96314490b56f708333a53117_0.csv,csv,2016-08-08T09:15:06.564625
c5c63bef-ba90-4806-9397-9bc1b76ece2b,allegheny-county,Allegheny County Parcel Boundaries / ArcGIS Open Dataset,http://openac.alcogis.opendata.arcgis.com/datasets/ebc3eb6a71dc4a60839b6eb80fa176aa_0,,2016-08-08T09:15:06.472859
27720527-2305-4978-b832-04035d2631eb,allegheny-county,Allegheny County Parcel Boundaries / Esri Rest API,http://geodata.alleghenycounty.us/arcgis/rest/services/OPENDATA/Parcels/MapServer/0,,2016-08-08T09:15:06.472887
9f682ef6-66bb-42cd-a4d2-2732af745f3e,allegheny-county,Allegheny County Parcel Boundaries / CSV,http://openac.alcogis.opendata.arcgis.com/datasets/ebc3eb6a71dc4a60839b6eb80fa176aa_0.csv,csv,2016-08-08T09:15:06.472908
80fb23a2-9673-4b1e-8c73-d01a04dbdfbb,allegheny-county,Allegheny County TIF Exclusions / ArcGIS Open Dataset,http://openac.alcogis.opendata.arcgis.com/datasets/cd3d579c0cc946e684dd93776d78ef1b_0,,2016-08-08T09:15:06.022361
076b0a66-d934-4dba-9694-ca2c59d37d05,allegheny-county,Allegheny County TIF Exclusions / Esri Rest API,https://services1.arcgis.com/vdNDkVykv9vEWFX4/arcgis/rest/services/TIF_Exclusions/FeatureServer/0,,2016-08-08T09:15:06.022377
c118b759-340d-4b5d-8232-dc09cbb6f587,allegheny-county,Allegheny County TIF Exclusions / CSV,http://openac.alcogis.opendata.arcgis.com/datasets/cd3d579c0cc946e684dd93776d78ef1b_0.csv,csv,2016-08-08T09:15:06.022387
a9eb7b51-4789-44e4-9b46-b41ca7feb8c2,allegheny-county,Allegheny County Building Footprint Locations / ArcGIS Open Dataset,http://openac.alcogis.opendata.arcgis.com/datasets/7458acedb7a149dea57418fb77de8f9b_0,,2016-08-08T09:15:05.566710
9909188d-cf37-43e0-a4ce-2b82842350d2,allegheny-county,Allegheny County Building Footprint Locations / Esri Rest API,http://geodata.alleghenycounty.us/arcgis/rest/services/OPENDATA/Buildings/MapServer/0,,2016-08-08T09:15:05.566735
7fe9c33c-d0ce-4d0f-bd98-dd0416f17b93,allegheny-county,Allegheny County Building Footprint Locations / CSV,http://openac.alcogis.opendata.arcgis.com/datasets/7458acedb7a149dea57418fb77de8f9b_0.csv,csv,2016-08-08T09:15:05.566746
50824a40-93b5-40c7-8a0f-54078606be52,allegheny-county,Allegheny County Voting District Boundaries (2015) / ArcGIS Open Dataset,http://openac.alcogis.opendata.arcgis.com/datasets/e40fec861749405694c3c5149a670b76_0,,2016-08-08T09:15:05.290399
ea80cd91-91af-412c-80ea-9f22ebba564b,allegheny-county,Allegheny County Voting District Boundaries (2015) / Esri Rest API,https://services1.arcgis.com/vdNDkVykv9vEWFX4/arcgis/rest/services/Voting_District_2015/FeatureServer/0,,2016-08-08T09:15:05.290419
aa77405b-7096-4850-8c94-c9debea57c1e,allegheny-county,Allegheny County Voting District Boundaries (2015) / CSV,http://openac.alcogis.opendata.arcgis.com/datasets/e40fec861749405694c3c5149a670b76_0.csv,csv,2016-08-08T09:15:05.290429
9cfca758-0ea5-47fb-bf0e-c2d2485f37d1,allegheny-county,Allegheny County Hydrology Lines / ArcGIS Open Dataset,http://openac.alcogis.opendata.arcgis.com/datasets/051d790166084bc09c3a1e4fb1236abc_0,,2016-08-08T09:15:04.693684
cb0b9ec2-946c-4618-96c4-56919313e414,allegheny-county,Allegheny County Hydrology Lines / Esri Rest API,https://services1.arcgis.com/vdNDkVykv9vEWFX4/arcgis/rest/services/Hydrology_Lines/FeatureServer/0,,2016-08-08T09:15:04.693709
2a4c1947-666c-4a55-9828-13c4c9366c9a,allegheny-county,Allegheny County Hydrology Lines / CSV,http://openac.alcogis.opendata.arcgis.com/datasets/051d790166084bc09c3a1e4fb1236abc_0.csv,csv,2016-08-08T09:15:04.693720
064e9546-981e-450f-a362-cd0e1ae2dffa,allegheny-county,Allegheny County Watershed Boundaries / ArcGIS Open Dataset,http://openac.alcogis.opendata.arcgis.com/datasets/364f4c3613164f79a1d8c84aed6c03e0_0,,2016-08-08T09:15:04.694729
2299316e-fb2e-4f5c-9a6a-d029a11c9d7e,allegheny-county,Allegheny County Watershed Boundaries / Esri Rest API,https://services1.arcgis.com/vdNDkVykv9vEWFX4/arcgis/rest/services/Watersheds/FeatureServer/0,,2016-08-08T09:15:04.694744
cc4cf281-b9f5-40cb-a4bf-9d02102ea601,allegheny-county,Allegheny County Watershed Boundaries / CSV,http://openac.alcogis.opendata.arcgis.com/datasets/364f4c3613164f79a1d8c84aed6c03e0_0.csv,csv,2016-08-08T09:15:04.694753
93412218-0544-474e-9937-effa47279f2e,allegheny-county,Allegheny County Pennsylvania Senate District Boundaries / ArcGIS Open Dataset,http://openac.alcogis.opendata.arcgis.com/datasets/2dcb640fb87b4fbb91db833804b38e32_0,,2016-08-08T09:15:04.669056
1cf0262b-2ae1-4ec7-8156-b2c1cf323b21,allegheny-county,Allegheny County Pennsylvania Senate District Boundaries / Esri Rest API,https://services1.arcgis.com/vdNDkVykv9vEWFX4/arcgis/rest/services/Allegheny_County_Pennsylvania_Senate_Districts/FeatureServer/0,,2016-08-08T09:15:04.669071
ce94da47-5571-451c-8d22-10c8b23bc9bf,allegheny-county,Allegheny County Pennsylvania Senate District Boundaries / CSV,http://openac.alcogis.opendata.arcgis.com/datasets/2dcb640fb87b4fbb91db833804b38e32_0.csv,csv,2016-08-08T09:15:04.669081
fabc4126-8b27-4c2e-8200-279587bd3614,allegheny-county,Allegheny County TIF Boundaries / ArcGIS Open Dataset,http://openac.alcogis.opendata.arcgis.com/datasets/d82baabaedd446269d718cf6b1d53c34_0,,2016-08-08T09:15:04.667915
be746c55-381f-4afe-8d53-d9d6fbdfca63,allegheny-county,Allegheny County TIF Boundaries / Esri Rest API,https://services1.arcgis.com/vdNDkVykv9vEWFX4/arcgis/rest/services/TIF_Boundaries/FeatureServer/0,,2016-08-08T09:15:04.667950
c323c351-81f8-4380-9c98-998cea87b055,allegheny-county,Allegheny County TIF Boundaries / CSV,http://openac.alcogis.opendata.arcgis.com/datasets/d82baabaedd446269d718cf6b1d53c34_0.csv,csv,2016-08-08T09:15:04.667962
82d426fc-b1e0-4ba1-b4b8-0611bbf923e1,city-of-pittsburgh,Pittsburgh Uptown IPOD Zoning District / ArcGIS Open Dataset,http://pghgis.pittsburghpa.opendata.arcgis.com/datasets/5424b636afb1463f92a479f26186822e_0,,2016-08-05T08:45:12.100582
e9f8de46-f32c-4327-bf24-8e9dd9780f07,city-of-pittsburgh,Pittsburgh Uptown IPOD Zoning District / Esri Rest API,https://services1.arcgis.com/YZCmUqbcsUpOKfj7/arcgis/rest/services/UptownIPODZoningDistrict/FeatureServer/0,,2016-08-05T08:45:12.100598
621e9f50-fb24-4487-9fd8-ae8a4ec52410,city-of-pittsburgh,Pittsburgh Uptown IPOD Zoning District / CSV,http://pghgis.pittsburghpa.opendata.arcgis.com/datasets/5424b636afb1463f92a479f26186822e_0.csv,csv,2016-08-05T08:45:12.100609
4a2e9edd-6505-40dd-99cd-d61797c88f1e,city-of-pittsburgh,Pittsburgh Police Zones / ArcGIS Open Dataset,http://pghgis.pittsburghpa.opendata.arcgis.com/datasets/7e95f0914283472e83e8000c0af33110_0,,2016-08-05T08:45:11.628630
79630c6e-77cf-418a-ab06-684f1eabe012,city-of-pittsburgh,Pittsburgh Police Zones / Esri Rest API,http://maps.pittsburghpa.gov//arcgis/rest/services/OpenData/PGHODPoliceZones/FeatureServer/0,,2016-08-05T08:45:11.628652
2a5a9094-15d2-4d05-a7a5-313b736d1b26,city-of-pittsburgh,Pittsburgh Police Zones / CSV,http://pghgis.pittsburghpa.opendata.arcgis.com/datasets/7e95f0914283472e83e8000c0af33110_0.csv,csv,2016-08-05T08:45:11.628676
75864063-e4e2-41e8-b756-6a0507d8e66f,city-of-pittsburgh,Pittsburgh Greenways / ArcGIS Open Dataset,http://pghgis.pittsburghpa.opendata.arcgis.com/datasets/dcef4d943c1b44129b967d97def9e8c4_0,,2016-08-05T08:45:10.695761
2b3f6e12-c5be-4e5d-ad3a-d983cbd9e5ca,city-of-pittsburgh,Pittsburgh Greenways / Esri Rest API,http://maps.pittsburghpa.gov//arcgis/rest/services/OpenData/PGHODGreenways/FeatureServer/0,,2016-08-05T08:45:10.695782
0e394db2-7dbf-44c2-98fe-2d3cf6a45c18,city-of-pittsburgh,Pittsburgh Greenways / CSV,http://pghgis.pittsburghpa.opendata.arcgis.com/datasets/dcef4d943c1b44129b967d97def9e8c4_0.csv,csv,2016-08-05T08:45:10.695792
cb28e9fc-4fd2-440d-a9e9-ab885d6e3d7c,city-of-pittsburgh,Pittsburgh Police Sectors / ArcGIS Open Dataset,http://pghgis.pittsburghpa.opendata.arcgis.com/datasets/b40baf0cf63342a5a99c4ddfa608bc44_0,,2016-08-05T08:45:10.423777
1da0db51-996a-47c7-af88-0792147a5c0c,city-of-pittsburgh,Pittsburgh Police Sectors / Esri Rest API,http://maps.pittsburghpa.gov//arcgis/rest/services/OpenData/PGHODPoliceSectors/FeatureServer/0,,2016-08-05T08:45:10.423795
35ab37bf-a353-4c17-86d2-a9aa7521e0a4,city-of-pittsburgh,Pittsburgh Police Sectors / CSV,http://pghgis.pittsburghpa.opendata.arcgis.com/datasets/b40baf0cf63342a5a99c4ddfa608bc44_0.csv,csv,2016-08-05T08:45:10.423805
2391ecad-a497-42bc-af2c-63b60c74a78c,city-of-pittsburgh,Pittsburgh Undermined Areas / ArcGIS Open Dataset,http://pghgis.pittsburghpa.opendata.arcgis.com/datasets/a065e686e9144110ac6ccfe7bb43fd98_0,,2016-08-05T08:45:10.255303
f5144827-892a-46fc-a48a-e853a45153af,city-of-pittsburgh,Pittsburgh Undermined Areas / Esri Rest API,http://maps.pittsburghpa.gov//arcgis/rest/services/OpenData/PGHODUndermined/FeatureServer/0,,2016-08-05T08:45:10.255328
fd2663a9-eac2-4c3a-b1fb-2c0aa203ce1b,city-of-pittsburgh,Pittsburgh Undermined Areas / CSV,http://pghgis.pittsburghpa.opendata.arcgis.com/datasets/a065e686e9144110ac6ccfe7bb43fd98_0.csv,csv,2016-08-05T08:45:10.255338
234567a9-4093-4414-a9ee-5d39f7475089,city-of-pittsburgh,Pittsburgh City Trees / ArcGIS Open Dataset,http://pghgis.pittsburghpa.opendata.arcgis.com/datasets/7a2566de73cd4d23b41ef96d4ae528d3_0,,2016-08-05T08:45:09.388195
c2d394be-ec9b-42ff-87ef-5bd83cb714dc,city-of-pittsburgh,Pittsburgh City Trees / Esri Rest API,http://maps.pittsburghpa.gov//arcgis/rest/services/OpenData/PGHODCityTrees/FeatureServer/0,,2016-08-05T08:45:09.388215
7fd1d57d-3a86-4cfd-a0be-57dc47dd7e34,city-of-pittsburgh,Pittsburgh City Trees / CSV,http://pghgis.pittsburghpa.opendata.arcgis.com/datasets/7a2566de73cd4d23b41ef96d4ae528d3_0.csv,csv,2016-08-05T08:45:09.388225
1f588ed3-3aa1-44cc-9a46-4f681d5912eb,city-of-pittsburgh,Pittsburgh DPW Environmental Services Divisions / ArcGIS Open Dataset,http://pghgis.pittsburghpa.opendata.arcgis.com/datasets/8f9caf7f57bc4e54b0ed4a25b3366f29_0,,2016-08-05T08:45:09.135195
73161aab-a465-4c27-9627-9c76bbee0387,city-of-pittsburgh,Pittsburgh DPW Environmental Services Divisions / Esri Rest API,http://maps.pittsburghpa.gov//arcgis/rest/services/OpenData/PGHODDPWESDivisions/FeatureServer/0,,2016-08-05T08:45:09.135219
159fe3a8-437a-463e-86a1-6651123a74d7,city-of-pittsburgh,Pittsburgh DPW Environmental Services Divisions / CSV,http://pghgis.pittsburghpa.opendata.arcgis.com/datasets/8f9caf7f57bc4e54b0ed4a25b3366f29_0.csv,csv,2016-08-05T08:45:09.135229
44cc6da8-4bb7-47f0-8ad3-c9f4b20cd621,city-of-pittsburgh,Pittsburgh DPW Divisions / ArcGIS Open Dataset,http://pghgis.pittsburghpa.opendata.arcgis.com/datasets/2d2c30d9633647ddab2f918afc38c35b_0,,2016-08-05T08:45:09.325258
7a5a6f02-61cd-40fb-a081-acea1052fefd,city-of-pittsburgh,Pittsburgh DPW Divisions / Esri Rest API,http://maps.pittsburghpa.gov/arcgis/rest/services/OpenData/PGHODDPWDivisions/FeatureServer/0,,2016-08-05T08:45:09.325281
92b3b7d4-9d71-490c-a837-f6136904d9e5,city-of-pittsburgh,Pittsburgh DPW Divisions / CSV,http://pghgis.pittsburghpa.opendata.arcgis.com/datasets/2d2c30d9633647ddab2f918afc38c35b_0.csv,csv,2016-08-05T08:45:09.325291
9c504455-ea3b-4d56-addc-28bab996e118,city-of-pittsburgh,Pittsburgh City Council Districts / ArcGIS Open Dataset,http://pghgis.pittsburghpa.opendata.arcgis.com/datasets/677930d13af94fd8b70c693c1a6660d0_0,,2016-08-05T08:45:08.924237
f13500ba-01d1-494e-a68a-f1a3a2a62bf8,city-of-pittsburgh,Pittsburgh City Council Districts / Esri Rest API,http://maps.pittsburghpa.gov/arcgis/rest/services/OpenData/PGHODCityCouncil/FeatureServer/0,,2016-08-05T08:45:08.924253
13a1e708-48b0-40f5-96eb-10363257caa5,city-of-pittsburgh,Pittsburgh City Council Districts / CSV,http://pghgis.pittsburghpa.opendata.arcgis.com/datasets/677930d13af94fd8b70c693c1a6660d0_0.csv,csv,2016-08-05T08:45:08.924263
29ff024a-229d-4248-9495-20d764e2bbf5,city-of-pittsburgh,Pittsburgh Zoning Districts / ArcGIS Open Dataset,http://pghgis.pittsburghpa.opendata.arcgis.com/datasets/4d0adfc893d24a029a947f449c3ac45a_0,,2016-08-05T08:45:08.286630
6d953234-4040-47cc-8f1f-a4ddf7171d17,city-of-pittsburgh,Pittsburgh Zoning Districts / Esri Rest API,http://maps.pittsburghpa.gov/arcgis/rest/services/OpenData/PGHODZoningDistricts/FeatureServer/0,,2016-08-05T08:45:08.286645
64036101-66b8-4022-a247-7b8c3687d163,city-of-pittsburgh,Pittsburgh Zoning Districts / CSV,http://pghgis.pittsburghpa.opendata.arcgis.com/datasets/4d0adfc893d24a029a947f449c3ac45a_0.csv,csv,2016-08-05T08:45:08.286655
bcfb89af-d4b3-401c-9157-d3b94efa892b,city-of-pittsburgh,Pittsburgh Neighborhoods / ArcGIS Open Dataset,http://pghgis.pittsburghpa.opendata.arcgis.com/datasets/87a7e06c5d8440f280ce4b1e4f75cc84_0,,2016-08-05T08:45:08.190759
215423de-ba80-4056-8f7e-a503655a5af0,city-of-pittsburgh,Pittsburgh Neighborhoods / Esri Rest API,http://maps.pittsburghpa.gov/arcgis/rest/services/OpenData/PGHODNeighborhoods/FeatureServer/0,,2016-08-05T08:45:08.190778
11ad12f4-fd8e-4783-bc16-2745e290bedf,city-of-pittsburgh,Pittsburgh Neighborhoods / CSV,http://pghgis.pittsburghpa.opendata.arcgis.com/datasets/87a7e06c5d8440f280ce4b1e4f75cc84_0.csv,csv,2016-08-05T08:45:08.190789
2c620ef8-16b9-464b-88ca-d292f630c7ed,city-of-pittsburgh,Pittsburgh FEMA Flood Zones / ArcGIS Open Dataset,http://pghgis.pittsburghpa.opendata.arcgis.com/datasets/fb45ed8f9e0d463aadfab95620ffa303_0,,2016-08-05T08:45:07.805789
8315343b-df33-491e-995d-44ba02839106,city-of-pittsburgh,Pittsburgh FEMA Flood Zones / Esri Rest API,https://services1.arcgis.com/YZCmUqbcsUpOKfj7/arcgis/rest/services/FEMA_2014_A_AE/FeatureServer/0,,2016-08-05T08:45:07.805808
d3d7fa25-4a9d-4d07-909a-26b2accfca9e,city-of-pittsburgh,Pittsburgh FEMA Flood Zones / CSV,http://pghgis.pittsburghpa.opendata.arcgis.com/datasets/fb45ed8f9e0d463aadfab95620ffa303_0.csv,csv,2016-08-05T08:45:07.805818
f6d2359e-221d-4c50-9638-f12141215c4a,city-of-pittsburgh,Pittsburgh Traffic Signals / ArcGIS Open Dataset,http://pghgis.pittsburghpa.opendata.arcgis.com/datasets/d7113fcd9cea485098f94530be1095a7_0,,2016-08-05T08:45:07.946005
6fd8b407-be67-4b0f-953d-d1fa288de2a0,city-of-pittsburgh,Pittsburgh Traffic Signals / Esri Rest API,http://maps.pittsburghpa.gov/arcgis/rest/services/OpenData/PGHODTrafficSignals/FeatureServer/0,,2016-08-05T08:45:07.946021
6689075d-2904-4fe5-88f3-2550daf73a84,city-of-pittsburgh,Pittsburgh Traffic Signals / CSV,http://pghgis.pittsburghpa.opendata.arcgis.com/datasets/d7113fcd9cea485098f94530be1095a7_0.csv,csv,2016-08-05T08:45:07.946030
87bea1ad-48d5-4650-9d2d-cca72c91198c,city-of-pittsburgh,Pittsburgh Individual Historic Properties / ArcGIS Open Dataset,http://pghgis.pittsburghpa.opendata.arcgis.com/datasets/9a3c2c43d39443e7a21070e13e66f422_0,,2016-08-05T08:45:07.290730
502dae5a-45db-442a-a381-b41d7d14455a,city-of-pittsburgh,Pittsburgh Individual Historic Properties / Esri Rest API,https://services1.arcgis.com/YZCmUqbcsUpOKfj7/arcgis/rest/services/PGHCHD_Individual/FeatureServer/0,,2016-08-05T08:45:07.290752
3b2c8735-86e3-46e0-80db-69a94b056d6b,city-of-pittsburgh,Pittsburgh Individual Historic Properties / CSV,http://pghgis.pittsburghpa.opendata.arcgis.com/datasets/9a3c2c43d39443e7a21070e13e66f422_0.csv,csv,2016-08-05T08:45:07.290762
384d66c0-f761-4eff-bda5-270f620784bd,city-of-pittsburgh,Pittsburgh Historic Districts / ArcGIS Open Dataset,http://pghgis.pittsburghpa.opendata.arcgis.com/datasets/71df883dcf184292b69d5721df39b5dd_0,,2016-08-05T08:45:06.776728
11d9585a-fbf9-4c76-ab6c-183a35d2cdd3,city-of-pittsburgh,Pittsburgh Historic Districts / Esri Rest API,https://services1.arcgis.com/YZCmUqbcsUpOKfj7/arcgis/rest/services/PGHCHD_Districts/FeatureServer/0,,2016-08-05T08:45:06.776753
6bd350f5-babd-49a2-adba-a4bd9fab27c9,city-of-pittsburgh,Pittsburgh Historic Districts / CSV,http://pghgis.pittsburghpa.opendata.arcgis.com/datasets/71df883dcf184292b69d5721df39b5dd_0.csv,csv,2016-08-05T08:45:06.776762
dbd84330-97ac-4212-9aea-b04c27b08b49,city-of-pittsburgh,Pittsburgh Landslide Prone / ArcGIS Open Dataset,http://pghgis.pittsburghpa.opendata.arcgis.com/datasets/c5b8bed5963746d4844dcfea7c2053e7_0,,2016-08-05T08:45:06.530702
8fd113cf-7970-4193-92fa-140e9a309cea,city-of-pittsburgh,Pittsburgh Landslide Prone / Esri Rest API,http://maps.pittsburghpa.gov/arcgis/rest/services/OpenData/PGHODLandslideProne/FeatureServer/0,,2016-08-05T08:45:06.530721
2fef92e7-e638-4c4d-b361-7f3fce0bf160,city-of-pittsburgh,Pittsburgh Landslide Prone / CSV,http://pghgis.pittsburghpa.opendata.arcgis.com/datasets/c5b8bed5963746d4844dcfea7c2053e7_0.csv,csv,2016-08-05T08:45:06.530732
4ebc4164-9a48-4475-993e-b65ab47cae2a,city-of-pittsburgh,Pittsburgh City Facilities / ArcGIS Open Dataset,http://pghgis.pittsburghpa.opendata.arcgis.com/datasets/b9c387d024944503ad27549e196d7260_0,,2016-08-05T08:45:06.454474
093c0933-36ed-42a9-b289-8f1d49ca0fa3,city-of-pittsburgh,Pittsburgh City Facilities / Esri Rest API,http://maps.pittsburghpa.gov//arcgis/rest/services/OpenData/PGHODCityFacilities/FeatureServer/0,,2016-08-05T08:45:06.454492
79034c0b-d107-42cc-9421-7be22f847310,city-of-pittsburgh,Pittsburgh City Facilities / CSV,http://pghgis.pittsburghpa.opendata.arcgis.com/datasets/b9c387d024944503ad27549e196d7260_0.csv,csv,2016-08-05T08:45:06.454502
9d8583ae-a8cc-42b8-8a5f-11319838b6d9,city-of-pittsburgh,Pittsburgh EMS Districts / ArcGIS Open Dataset,http://pghgis.pittsburghpa.opendata.arcgis.com/datasets/e0c617ba041645ffaee67cace8a7a549_0,,2016-08-05T08:45:06.325775
5317d8bf-63c9-48c7-b601-3f1a39f2da92,city-of-pittsburgh,Pittsburgh EMS Districts / Esri Rest API,http://maps.pittsburghpa.gov/arcgis/rest/services/OpenData/PGHODEMSDistricts/FeatureServer/0,,2016-08-05T08:45:06.325792
237b4ec0-80d7-4382-b11e-ef431c1ab621,city-of-pittsburgh,Pittsburgh EMS Districts / CSV,http://pghgis.pittsburghpa.opendata.arcgis.com/datasets/e0c617ba041645ffaee67cace8a7a549_0.csv,csv,2016-08-05T08:45:06.325802
9f37fa58-5f5e-44d5-96be-17ea11abd922,city-of-pittsburgh,Pittsburgh City Boundary / ArcGIS Open Dataset,http://pghgis.pittsburghpa.opendata.arcgis.com/datasets/a99f25fffb7b41c8a4adf9ea676a3a0b_0,,2016-08-05T08:45:05.882529
53da11df-fe4f-438c-bdb7-912b185b8287,city-of-pittsburgh,Pittsburgh City Boundary / Esri Rest API,https://services1.arcgis.com/YZCmUqbcsUpOKfj7/arcgis/rest/services/CityBoundary/FeatureServer/0,,2016-08-05T08:45:05.882544
889e8480-82a3-405b-9793-5b6aeee7a394,city-of-pittsburgh,Pittsburgh City Boundary / CSV,http://pghgis.pittsburghpa.opendata.arcgis.com/datasets/a99f25fffb7b41c8a4adf9ea676a3a0b_0.csv,csv,2016-08-05T08:45:05.882554
192420a8-ead5-47ff-86d2-4c496b4b0c9c,city-of-pittsburgh,Pittsburgh 2014 CDBG Census Tracts / ArcGIS Open Dataset,http://pghgis.pittsburghpa.opendata.arcgis.com/datasets/6f8ecf3a84944582b29e5b215f30e3b0_0,,2016-08-05T08:45:05.619474
13f6145c-3eda-4269-b734-ddca895296bc,city-of-pittsburgh,Pittsburgh 2014 CDBG Census Tracts / Esri Rest API,https://services1.arcgis.com/YZCmUqbcsUpOKfj7/arcgis/rest/services/CDBG2014Census/FeatureServer/0,,2016-08-05T08:45:05.619504
c6f8c735-f37e-42b2-9000-d37360ae81ff,city-of-pittsburgh,Pittsburgh 2014 CDBG Census Tracts / CSV,http://pghgis.pittsburghpa.opendata.arcgis.com/datasets/6f8ecf3a84944582b29e5b215f30e3b0_0.csv,csv,2016-08-05T08:45:05.619523
3c651768-12d2-48bd-9d05-4276ddb54840,city-of-pittsburgh,Pittsburgh Beautify The Burgh / ArcGIS Open Dataset,http://pghgis.pittsburghpa.opendata.arcgis.com/datasets/bcd39ed918714385ac1c135b3e122582_0,,2016-08-05T08:45:05.357908
36693f0f-aa73-458c-9a3d-c83f422f1fcb,city-of-pittsburgh,Pittsburgh Beautify The Burgh / Esri Rest API,https://services1.arcgis.com/YZCmUqbcsUpOKfj7/arcgis/rest/services/BeautifyBurgh/FeatureServer/0,,2016-08-05T08:45:05.357926
17039ef9-9b2b-4e4a-94cb-537d24316807,city-of-pittsburgh,Pittsburgh Beautify The Burgh / CSV,http://pghgis.pittsburghpa.opendata.arcgis.com/datasets/bcd39ed918714385ac1c135b3e122582_0.csv,csv,2016-08-05T08:45:05.357935
1694fa77-4098-46c8-9e77-22b20d21c316,city-of-pittsburgh,Neighborhoods with SNAP Data / ArcGIS Open Dataset,http://pghgis.pittsburghpa.opendata.arcgis.com/datasets/3ca13246362540fa8b4b567f84a1255b_0,,2016-08-05T08:45:04.821423
c69d8510-0c6b-4f6c-a0aa-576f506b198c,city-of-pittsburgh,Neighborhoods with SNAP Data / Esri Rest API,https://services1.arcgis.com/YZCmUqbcsUpOKfj7/arcgis/rest/services/PGH_Neighborhoods_SNAP_OD/FeatureServer/0,,2016-08-05T08:45:04.821438
04154315-7e8c-44af-a605-c0fc50b49e8c,city-of-pittsburgh,Neighborhoods with SNAP Data / CSV,http://pghgis.pittsburghpa.opendata.arcgis.com/datasets/3ca13246362540fa8b4b567f84a1255b_0.csv,csv,2016-08-05T08:45:04.821448
b5dbc48c-fa2d-4c6e-9c2b-5dab596238a2,city-of-pittsburgh,Pittsburgh - URA Main St / ArcGIS Open Dataset,http://pghgis.pittsburghpa.opendata.arcgis.com/datasets/ab9b192ab4ba46d88144bacf5a0252e0_0,,2016-08-05T08:45:04.591204
b9533c38-fe5e-42e6-8d99-6d31e47aad8c,city-of-pittsburgh,Pittsburgh - URA Main St / Esri Rest API,http://maps.pittsburghpa.gov/arcgis/rest/services/OpenData/PGHODMainSt/FeatureServer/0,,2016-08-05T08:45:04.591228
75603a32-4a58-44bb-b3f9-fc16d06d5eb4,city-of-pittsburgh,Pittsburgh - URA Main St / CSV,http://pghgis.pittsburghpa.opendata.arcgis.com/datasets/ab9b192ab4ba46d88144bacf5a0252e0_0.csv,csv,2016-08-05T08:45:04.591238
0052ca41-e4ce-4aaf-9af5-2c5b7984ffe5,city-of-pittsburgh,Pittsburgh 2014 CDBG Block Groups / ArcGIS Open Dataset,http://pghgis.pittsburghpa.opendata.arcgis.com/datasets/a1696bd0aa8648249a94e9a56a1d56f8_0,,2016-08-05T08:45:04.643906
ac1a8e68-2bef-4909-ac13-51c7aed9d22d,city-of-pittsburgh,Pittsburgh 2014 CDBG Block Groups / Esri Rest API,https://services1.arcgis.com/YZCmUqbcsUpOKfj7/arcgis/rest/services/CDBG2014BlockGroups/FeatureServer/0,,2016-08-05T08:45:04.643929
3fafb37e-d2d7-4d72-97b0-9f063c3be991,city-of-pittsburgh,Pittsburgh 2014 CDBG Block Groups / CSV,http://pghgis.pittsburghpa.opendata.arcgis.com/datasets/a1696bd0aa8648249a94e9a56a1d56f8_0.csv,csv,2016-08-05T08:45:04.643939
4e2b6ced-1236-4737-80e4-1f64e3c6f3f1,city-of-pittsburgh,Pittsburgh Bridges / ArcGIS Open Dataset,http://pghgis.pittsburghpa.opendata.arcgis.com/datasets/60b25e95c256460592304758b59de19c_0,,2016-08-05T08:45:04.667170
1d1deac3-8cd7-4894-b8ea-42f5555ca3ba,city-of-pittsburgh,Pittsburgh Bridges / Esri Rest API,https://services1.arcgis.com/YZCmUqbcsUpOKfj7/arcgis/rest/services/PGHBridges/FeatureServer/0,,2016-08-05T08:45:04.667191
c348fee8-5e0b-4a05-93a6-6536e7dd0aa9,city-of-pittsburgh,Pittsburgh Bridges / CSV,http://pghgis.pittsburghpa.opendata.arcgis.com/datasets/60b25e95c256460592304758b59de19c_0.csv,csv,2016-08-05T08:45:04.667202
f7583b18-3088-49ce-b640-ab3cdb60a146,allegheny-county,Allegheny County Sheriff Sales / 2016-08 Sale Results,https://data.wprdc.org/dataset/1876f595-d8a2-4eb2-a64c-ebedf2afa4df/resource/f7583b18-3088-49ce-b640-ab3cdb60a146/download/201608results.csv,csv,2016-07-12T09:44:41.512131
80379426-80f7-4dce-a344-3d7d4bf6e6e5,allegheny-county,Allegheny County Sheriff Sales / 2016-08 Postponement Sale Results,https://data.wprdc.org/dataset/1876f595-d8a2-4eb2-a64c-ebedf2afa4df/resource/80379426-80f7-4dce-a344-3d7d4bf6e6e5/download/201608postponement.csv,csv,2016-07-12T09:45:13.606923
9b2c7aca-8afe-4dd4-a835-f6add5f11b22,allegheny-county,Allegheny County Sheriff Sales / 2016-09 Bid List,https://data.wprdc.org/dataset/1876f595-d8a2-4eb2-a64c-ebedf2afa4df/resource/9b2c7aca-8afe-4dd4-a835-f6add5f11b22/download/201609bidlist.csv,csv,2016-07-12T09:45:46.811041
5668bb05-26c2-4192-84fe-eab212f06858,allegheny-county,Allegheny County Sheriff Sales / 2016-09 Postponement List,https://data.wprdc.org/dataset/1876f595-d8a2-4eb2-a64c-ebedf2afa4df/resource/5668bb05-26c2-4192-84fe-eab212f06858/download/201609postponement.csv,csv,2016-07-12T09:46:16.671077
004c6571-1b32-4637-af93-c25f22c96dd0,allegheny-county,Allegheny County Sheriff Sales / 2016-07 Sale Results,https://data.wprdc.org/dataset/1876f595-d8a2-4eb2-a64c-ebedf2afa4df/resource/004c6571-1b32-4637-af93-c25f22c96dd0/download/2016-07-sale-results.csv,csv,2016-08-03T14:19:20.885522
9d92f3cb-a7fc-49c2-9f2d-af86f05dba83,allegheny-county,Allegheny County Sheriff Sales / 2016-07 Postponement Sale Results,https://data.wprdc.org/dataset/1876f595-d8a2-4eb2-a64c-ebedf2afa4df/resource/9d92f3cb-a7fc-49c2-9f2d-af86f05dba83/download/2016-07-postponement-sale-results.csv,csv,2016-08-03T14:19:53.806734
99d3960b-fbe5-4591-a2f8-46fff62a40f4,allegheny-county,Allegheny County Sheriff Sales / 2016-08 Bid List,https://data.wprdc.org/dataset/1876f595-d8a2-4eb2-a64c-ebedf2afa4df/resource/99d3960b-fbe5-4591-a2f8-46fff62a40f4/download/2016-08-bid-list.csv,csv,2016-08-03T14:20:21.397450
fcba9fbf-aa47-49dd-9c9e-cef18e15cafd,allegheny-county,Allegheny County Sheriff Sales / 2016-08 Postponement List,https://data.wprdc.org/dataset/1876f595-d8a2-4eb2-a64c-ebedf2afa4df/resource/fcba9fbf-aa47-49dd-9c9e-cef18e15cafd/download/2016-08-postponement-list.csv,csv,2016-08-03T14:20:50.248350
919543dc-0dac-44a2-804c-e8dd56636309,allegheny-county,Allegheny County Sheriff Sales / 2016-06 Sale Results,https://data.wprdc.org/dataset/1876f595-d8a2-4eb2-a64c-ebedf2afa4df/resource/919543dc-0dac-44a2-804c-e8dd56636309/download/2016-06-sale-results-csv.csv,csv,2016-06-08T10:16:37.933080
af3b9628-02b4-4f72-bb6c-ac40f73586ef,allegheny-county,Allegheny County Sheriff Sales / 2016-06 Postponement Sale Results,https://data.wprdc.org/dataset/1876f595-d8a2-4eb2-a64c-ebedf2afa4df/resource/af3b9628-02b4-4f72-bb6c-ac40f73586ef/download/2016-06-postponement-sale-results-csv.csv,csv,2016-06-08T10:17:21.599832
ff19cf91-6919-433c-a649-4b32f477f3a9,allegheny-county,Allegheny County Sheriff Sales / 2016-07 Bid List,https://data.wprdc.org/dataset/1876f595-d8a2-4eb2-a64c-ebedf2afa4df/resource/ff19cf91-6919-433c-a649-4b32f477f3a9/download/2016-07-bid-list-csv.csv,csv,2016-06-08T10:18:12.485111
4b4a93ad-649f-4ba6-bbfd-604c192db9a9,allegheny-county,Allegheny County Sheriff Sales / 2016-07 Postponement List,https://data.wprdc.org/dataset/1876f595-d8a2-4eb2-a64c-ebedf2afa4df/resource/4b4a93ad-649f-4ba6-bbfd-604c192db9a9/download/2016-07-postponement-list-csv.csv,csv,2016-06-08T10:18:41.049246
cd45d89e-d126-4893-81fa-93fc7bfd0492,allegheny-county,Allegheny County Sheriff Sales / 2016-05 Sale Results,https://data.wprdc.org/dataset/1876f595-d8a2-4eb2-a64c-ebedf2afa4df/resource/cd45d89e-d126-4893-81fa-93fc7bfd0492/download/2016-05-sale-results.csv,csv,2016-05-09T09:56:19.710753
499abeb5-8af1-46b1-922d-aa201a6a7abb,allegheny-county,Allegheny County Sheriff Sales / 2016-05 Postponement Sale Results,https://data.wprdc.org/dataset/1876f595-d8a2-4eb2-a64c-ebedf2afa4df/resource/499abeb5-8af1-46b1-922d-aa201a6a7abb/download/2016-05-postponement-sale-results.csv,csv,2016-05-09T11:34:54.479706
deff009d-f32d-4ef6-97ca-2c0850b85c59,allegheny-county,Allegheny County Sheriff Sales / 2016-06 Bid List,https://data.wprdc.org/dataset/1876f595-d8a2-4eb2-a64c-ebedf2afa4df/resource/deff009d-f32d-4ef6-97ca-2c0850b85c59/download/2016-06-bid-list.csv,csv,2016-05-09T11:38:50.904623
c6116ebf-7def-4b94-b066-12491e38102f,allegheny-county,Allegheny County Sheriff Sales / 2016-04 Sale Results,https://data.wprdc.org/dataset/1876f595-d8a2-4eb2-a64c-ebedf2afa4df/resource/c6116ebf-7def-4b94-b066-12491e38102f/download/saleresultsapr16.csv,csv,2016-04-19T16:20:20.661154
2bdc35d5-728b-4c93-9918-08cf92a954bd,allegheny-county,Allegheny County Sheriff Sales / 2016-04 Postponement Sale Results,https://data.wprdc.org/dataset/1876f595-d8a2-4eb2-a64c-ebedf2afa4df/resource/2bdc35d5-728b-4c93-9918-08cf92a954bd/download/postponementlistapr16.csv,csv,2016-04-20T08:36:14.920877
c327fc09-abfa-4dd8-a112-0cc2a2c16887,allegheny-county,Allegheny County Sheriff Sales / 2016-03 Sale Results,https://data.wprdc.org/dataset/1876f595-d8a2-4eb2-a64c-ebedf2afa4df/resource/c327fc09-abfa-4dd8-a112-0cc2a2c16887/download/2016-03-sale-results.csv,csv,2016-03-11T14:09:48.765965
371cb63e-8cc3-41b2-b336-776bfc09e7e1,allegheny-county,Allegheny County Sheriff Sales / 2016-03 Postponement Sale Results,https://data.wprdc.org/dataset/1876f595-d8a2-4eb2-a64c-ebedf2afa4df/resource/371cb63e-8cc3-41b2-b336-776bfc09e7e1/download/2016-03-postponement-sale-results.csv,csv,2016-03-11T14:11:31.820728
94e0a7a8-99f7-4fef-9565-9232b3dce2a7,allegheny-county,Allegheny County Sheriff Sales / 2016-04 Bid List,https://data.wprdc.org/dataset/1876f595-d8a2-4eb2-a64c-ebedf2afa4df/resource/94e0a7a8-99f7-4fef-9565-9232b3dce2a7/download/2016-04-bid-list.csv,csv,2016-03-11T14:13:02.312856
d3cbff3b-5fd2-497c-9570-a9b0d1db676c,allegheny-county,Allegheny County Sheriff Sales / 2016-04 Postponement List,https://data.wprdc.org/dataset/1876f595-d8a2-4eb2-a64c-ebedf2afa4df/resource/d3cbff3b-5fd2-497c-9570-a9b0d1db676c/download/2016-04-postponement-list.csv,csv,2016-03-11T14:12:22.264855
bd808816-7966-4b7e-a9bd-2fe843596f41,allegheny-county,Allegheny County Sheriff Sales / 2015-10 Bid List,https://data.wprdc.org/dataset/1876f595-d8a2-4eb2-a64c-ebedf2afa4df/resource/bd808816-7966-4b7e-a9bd-2fe843596f41/download/bid-list-oct15-processed.csv,csv,2015-10-14T17:54:40.016518
599faab9-3b05-469d-82fa-dcf11d58c2e7,allegheny-county,Allegheny County Sheriff Sales / 2015-10 Postponement List,https://data.wprdc.org/dataset/1876f595-d8a2-4eb2-a64c-ebedf2afa4df/resource/599faab9-3b05-469d-82fa-dcf11d58c2e7/download/postponement-list-oct15-refined.csv,csv,2015-10-14T17:52:32.120526
2a6cae4f-2803-4d40-9f4d-e2ed9c11132f,allegheny-county,Allegheny County Sheriff Sales / 2015-08 Bid List,https://data.wprdc.org/dataset/1876f595-d8a2-4eb2-a64c-ebedf2afa4df/resource/2a6cae4f-2803-4d40-9f4d-e2ed9c11132f/download/master-bid-list-aug15-2015-07-22.xlsx,excel,2015-07-22T15:31:50.527849
81caedcf-fd7f-4938-bef9-ca25f6393a7c,allegheny-county,Allegheny County Sheriff Sales / 2015-08 Postponement List,https://data.wprdc.org/dataset/1876f595-d8a2-4eb2-a64c-ebedf2afa4df/resource/81caedcf-fd7f-4938-bef9-ca25f6393a7c/download/postponement-list-aug15-2015-07-22.xlsx,excel,2015-07-22T15:30:51.139472
8b88d12e-1a2b-4779-9c49-027b3d6b5131,allegheny-county,Allegheny County Sheriff Sales / 2015-07 Sale Results,https://data.wprdc.org/dataset/1876f595-d8a2-4eb2-a64c-ebedf2afa4df/resource/8b88d12e-1a2b-4779-9c49-027b3d6b5131/download/sale-results-jul15-2015-07-22.xlsx,excel,2015-07-22T15:29:10.563599
0d35dc6c-14b5-4247-89cc-a17435de6778,allegheny-county,Allegheny County Sheriff Sales / 2015-07 Postponement Sale Results,https://data.wprdc.org/dataset/1876f595-d8a2-4eb2-a64c-ebedf2afa4df/resource/0d35dc6c-14b5-4247-89cc-a17435de6778/download/last-month-postponements-jul15-2015-07-22.xlsx,excel,2015-07-22T15:25:04.699609
09ccb84d-b5b0-4472-9f6a-4b6d9f4036cc,allegheny-county,Allegheny County Sheriff Sales / Sheriff Sales Data Dictionary,https://data.wprdc.org/dataset/1876f595-d8a2-4eb2-a64c-ebedf2afa4df/resource/09ccb84d-b5b0-4472-9f6a-4b6d9f4036cc/download/sheriff-sales-data-dictionary.xlsx,excel,2015-07-22T15:27:35.788523
5bbe6c55-bce6-4edb-9d04-68edeb6bf7b1,allegheny-county,Allegheny County Property Sale Transactions / Property Sales Transactions,https://data.wprdc.org/dataset/9e0ce87d-07b8-420c-a8aa-9de6104f61d6/resource/5bbe6c55-bce6-4edb-9d04-68edeb6bf7b1/download/aa301080120160800.csv,csv,2015-10-01T14:07:37.312511
72c092e5-b693-4bad-adff-2e6d0fda81b3,allegheny-county,Allegheny County Property Sale Transactions / Property Sale Transactions Data Dictionary,https://data.wprdc.org/dataset/9e0ce87d-07b8-420c-a8aa-9de6104f61d6/resource/72c092e5-b693-4bad-adff-2e6d0fda81b3/download/property-sale-transaction-data-dictionary.csv,csv,2015-10-06T11:36:53.157642
5144e253-2613-46eb-9379-3f6a65a360bc,allegheny-county,Allegheny County Property Sale Transactions / Sales Validation Codes Dictionary,https://data.wprdc.org/dataset/9e0ce87d-07b8-420c-a8aa-9de6104f61d6/resource/5144e253-2613-46eb-9379-3f6a65a360bc/download/sales-validation-codes-dictionary.csv,csv,2015-10-05T11:27:56.248955
941c9b08-b438-4312-8201-02331c0f1e1e,allegheny-county,Allegheny County Property Assessments / 2016-JUL Property Assessments Parcel Data,https://data.wprdc.org/dataset/2b3df818-601e-4f06-b150-643557229491/resource/941c9b08-b438-4312-8201-02331c0f1e1e/download/alleghenycountymasterfile07292016.csv,csv,2016-01-04T15:25:41.777610
d31e1b1c-215d-4693-9898-154ca49050a4,allegheny-county,Allegheny County Property Assessments / Property Assessment Data Dictionary,https://data.wprdc.org/dataset/2b3df818-601e-4f06-b150-643557229491/resource/d31e1b1c-215d-4693-9898-154ca49050a4/download/property-assessments-data-dictionary.csv,csv,2015-07-22T00:24:38.030925
1499b924-8dcc-4904-9715-c6b110b13710,allegheny-county,Allegheny County Property Assessments / Property Assessment Data User Guide Allegheny County,https://docs.google.com/document/d/1eYuJOh4_CBitclhhgeJv6iLStPjtouhXV1_2cwei_-s/edit?usp=sharing,,2015-11-09T09:37:09.816823
eec5cf1b-cf98-494e-b299-b69fb5b8cb59,allegheny-county,Allegheny County Property Assessments / Parcel information Extractor,http://wprdc.github.io/property-information-extractor/#,,2016-06-22T18:29:46.874040
f8ab32f7-44c7-43ca-98bf-c1b444724598,allegheny-county,Allegheny County Dog Licenses / Lifetime Dog Licenses,https://data.wprdc.org/dataset/ad5bd3d6-1b53-4ed0-8cd9-157a985bd0bd/resource/f8ab32f7-44c7-43ca-98bf-c1b444724598/download/dlgvdata2099.csv,csv,2015-10-06T16:17:40.055294
c88d57d4-cb43-4257-a3f1-ca46f0c837de,allegheny-county,Allegheny County Dog Licenses / 2016 Dog Licenses,https://data.wprdc.org/dataset/ad5bd3d6-1b53-4ed0-8cd9-157a985bd0bd/resource/c88d57d4-cb43-4257-a3f1-ca46f0c837de/download/dlgvdata2016.csv,csv,2015-12-28T10:46:34.128128
4d49202b-8bac-4cf9-9915-798a342253a6,allegheny-county,Allegheny County Dog Licenses / 2015 Dog Licenses,https://data.wprdc.org/dataset/ad5bd3d6-1b53-4ed0-8cd9-157a985bd0bd/resource/4d49202b-8bac-4cf9-9915-798a342253a6/download/2015.csv,csv,2015-10-07T09:43:08.556388
19e5756c-a964-4ac3-abb5-ab1f7a1f9bd6,allegheny-county,Allegheny County Dog Licenses / 2014 Dog Licenses,https://data.wprdc.org/dataset/ad5bd3d6-1b53-4ed0-8cd9-157a985bd0bd/resource/19e5756c-a964-4ac3-abb5-ab1f7a1f9bd6/download/2014.csv,csv,2015-10-07T09:43:45.940661
9ad226b2-4231-4158-bf71-043be226e3d9,allegheny-county,Allegheny County Dog Licenses / 2013 Dog Licenses,https://data.wprdc.org/dataset/ad5bd3d6-1b53-4ed0-8cd9-157a985bd0bd/resource/9ad226b2-4231-4158-bf71-043be226e3d9/download/2013.csv,csv,2015-10-07T09:44:40.140434
891ee2e8-411a-433c-80a3-885b13008d66,allegheny-county,Allegheny County Dog Licenses / 2012 Dog Licenses,https://data.wprdc.org/dataset/ad5bd3d6-1b53-4ed0-8cd9-157a985bd0bd/resource/891ee2e8-411a-433c-80a3-885b13008d66/download/2012.csv,csv,2015-10-07T09:45:08.394682
a0b2bd41-cee9-4501-92b9-4cd55ed61ee6,allegheny-county,Allegheny County Dog Licenses / 2011 Dog Licenses,https://data.wprdc.org/dataset/ad5bd3d6-1b53-4ed0-8cd9-157a985bd0bd/resource/a0b2bd41-cee9-4501-92b9-4cd55ed61ee6/download/2011.csv,csv,2015-10-07T09:46:36.367306
174fc1be-68a6-4b6a-96d9-e5ef540b8e95,allegheny-county,Allegheny County Dog Licenses / 2010 Dog Licenses,https://data.wprdc.org/dataset/ad5bd3d6-1b53-4ed0-8cd9-157a985bd0bd/resource/174fc1be-68a6-4b6a-96d9-e5ef540b8e95/download/2010.csv,csv,2015-10-07T09:47:01.413150
5a019e45-e2cb-4f48-8934-1988923239d2,allegheny-county,Allegheny County Dog Licenses / 2009 Dog Licenses,https://data.wprdc.org/dataset/ad5bd3d6-1b53-4ed0-8cd9-157a985bd0bd/resource/5a019e45-e2cb-4f48-8934-1988923239d2/download/2009.csv,csv,2015-10-07T09:48:19.942845
82040517-c2c1-41d9-a810-73b15603cd9a,allegheny-county,Allegheny County Dog Licenses / 2008 Dog Licenses,https://data.wprdc.org/dataset/ad5bd3d6-1b53-4ed0-8cd9-157a985bd0bd/resource/82040517-c2c1-41d9-a810-73b15603cd9a/download/2008.csv,csv,2015-10-07T09:47:55.967520
2623112a-bc79-4318-b816-ebb1d576da9c,allegheny-county,Allegheny County Dog Licenses / 2007 Dog Licenses,https://data.wprdc.org/dataset/ad5bd3d6-1b53-4ed0-8cd9-157a985bd0bd/resource/2623112a-bc79-4318-b816-ebb1d576da9c/download/2007.csv,csv,2015-10-07T09:48:44.232214
24771463-fec6-4d35-9662-2258575cd47d,allegheny-county,Allegheny County Dog Licenses / Dog License Data Dictionary,https://data.wprdc.org/dataset/ad5bd3d6-1b53-4ed0-8cd9-157a985bd0bd/resource/24771463-fec6-4d35-9662-2258575cd47d/download/doglicensedatadictionary.csv,csv,2015-10-07T13:53:17.707293
fea0f9c4-05f7-4764-8560-1f9f0432fede,allegheny-county,Allegheny County Municipal Building Energy and Water Use / Municipal Building Energy and Water Use,https://data.wprdc.org/dataset/98ec7315-47ad-4ffc-9368-dea01d054761/resource/fea0f9c4-05f7-4764-8560-1f9f0432fede/download/municipal-building-energy-and-water-use.xlsx,excel,2016-01-22T16:02:05.892480
21b044b4-38b6-4a05-83c5-7ec3ed6f9b88,allegheny-county,Allegheny County Municipal Building Energy and Water Use / Municipal Building Energy and Water Use,https://data.wprdc.org/dataset/98ec7315-47ad-4ffc-9368-dea01d054761/resource/21b044b4-38b6-4a05-83c5-7ec3ed6f9b88/download/municipal-building-energy-and-water-use.csv,csv,2016-01-22T15:57:35.546798
c948290a-b7da-407d-a7ae-09923ef2ff02,allegheny-county,Allegheny County Municipal Building Energy and Water Use / Energy and Water Use Data Dictionary,https://data.wprdc.org/dataset/98ec7315-47ad-4ffc-9368-dea01d054761/resource/c948290a-b7da-407d-a7ae-09923ef2ff02/download/energy-and-water-use-data-dictionary.csv,csv,2016-01-13T09:42:21.921696
2ba0788a-2f35-43aa-a47c-89c75f55cf9d,carnegie-library-of-pittsburgh,Library Locations / Library Locations,https://data.wprdc.org/datastore/dump/2ba0788a-2f35-43aa-a47c-89c75f55cf9d,,2016-06-10T14:56:53.071320
df4a9e2f-0919-4882-985a-5a2a40847110,carnegie-library-of-pittsburgh,Library Locations / Library Locations Data Dictionary,https://data.wprdc.org/dataset/5d52127f-3606-4ed9-a019-1daf4381902a/resource/df4a9e2f-0919-4882-985a-5a2a40847110/download/libraries-data-dictionary-20160607.csv,csv,2016-06-07T12:21:48.342124
47e4d773-f9c5-4a70-a975-2aed472d42ab,city-of-pittsburgh,City Owned Publicly Available Properties / Publicly Available Properties 2015,https://data.wprdc.org/dataset/46a4f481-751f-4e6c-b104-7a42bbb522f8/resource/47e4d773-f9c5-4a70-a975-2aed472d42ab/download/opendata-finance---publicly-available-properties-2015.xlsx,excel,2015-07-20T14:52:00.170676
10f0bd47-554e-45e8-9ca0-f57bd25c5d7b,city-of-pittsburgh,City Owned Publicly Available Properties / Publicly Available Properties Data Dictionary,https://data.wprdc.org/dataset/46a4f481-751f-4e6c-b104-7a42bbb522f8/resource/10f0bd47-554e-45e8-9ca0-f57bd25c5d7b/download/opendata-finance---publicly-available-properties-2015---column-definitions.xlsx,excel,2015-07-20T14:52:44.507087
950df67c-e078-438e-89e1-bb6a7f3a6a09,city-of-pittsburgh,City Owned Publicly Available Properties / Publicly Available Properties 2015 - Refined,https://data.wprdc.org/dataset/46a4f481-751f-4e6c-b104-7a42bbb522f8/resource/950df67c-e078-438e-89e1-bb6a7f3a6a09/download/publicly-available-properties-2015-csv.csv,csv,2015-10-06T11:38:11.496184
feae9f33-d2e7-4586-898b-c1857b31cbbd,allegheny-county,Allegheny County Park Rangers Outreach / Park Rangers Outreach Data,https://data.wprdc.org/dataset/01894671-26ec-423c-985c-55c66220e433/resource/feae9f33-d2e7-4586-898b-c1857b31cbbd/download/park-rangers-outreach-data.csv,csv,2016-06-30T13:51:07.530792
ce71db3a-1333-46fc-a7d2-adb75b5e19cc,allegheny-county,Allegheny County Park Rangers Outreach / Park Rangers Outreach Data Dictionary,https://data.wprdc.org/dataset/01894671-26ec-423c-985c-55c66220e433/resource/ce71db3a-1333-46fc-a7d2-adb75b5e19cc/download/park-rangers-outreach-data-dictionary.csv,csv,2016-06-30T13:51:45.383978
2c13021f-74a9-4289-a1e5-fe0472c89881,allegheny-county,Allegheny County Crash Data / Cumulative Crash Data,https://data.wprdc.org/datastore/dump/2c13021f-74a9-4289-a1e5-fe0472c89881,,2016-06-11T16:49:48.986957
d90eb4fd-1234-4f3b-ba3d-422769cd3761,allegheny-county,Allegheny County Crash Data / 2015 Crash Data,https://data.wprdc.org/datastore/dump/d90eb4fd-1234-4f3b-ba3d-422769cd3761,,2016-06-22T16:00:03.319326
a1d00c8a-18dd-43ee-aa13-c2998ceb76ad,allegheny-county,Allegheny County Crash Data / 2014 Crash Data,https://data.wprdc.org/dataset/3130f583-9499-472b-bb5a-f63a6ff6059a/resource/a1d00c8a-18dd-43ee-aa13-c2998ceb76ad/download/2014alcocrash.csv,csv,2016-03-29T10:26:12.605785
eb54323c-164b-4010-a78f-2dba4d382604,allegheny-county,Allegheny County Crash Data / 2013 Crash Data,https://data.wprdc.org/dataset/3130f583-9499-472b-bb5a-f63a6ff6059a/resource/eb54323c-164b-4010-a78f-2dba4d382604/download/2013alcocrash.csv,csv,2016-03-29T10:26:38.978672
bcd2e0a7-d059-4ec8-9d5d-3d293aadd4c4,allegheny-county,Allegheny County Crash Data / 2012 Crash Data,https://data.wprdc.org/dataset/3130f583-9499-472b-bb5a-f63a6ff6059a/resource/bcd2e0a7-d059-4ec8-9d5d-3d293aadd4c4/download/2012alcocrash.csv,csv,2016-03-29T10:26:56.601866
0950f9ac-fe2f-4441-a355-d60ee7653f8c,allegheny-county,Allegheny County Crash Data / 2011 Crash Data,https://data.wprdc.org/dataset/3130f583-9499-472b-bb5a-f63a6ff6059a/resource/0950f9ac-fe2f-4441-a355-d60ee7653f8c/download/2011alcocrash.csv,csv,2016-03-29T10:27:16.798827
93b3d18c-680f-4a1c-9896-72b446557505,allegheny-county,Allegheny County Crash Data / 2010 Crash Data,https://data.wprdc.org/dataset/3130f583-9499-472b-bb5a-f63a6ff6059a/resource/93b3d18c-680f-4a1c-9896-72b446557505/download/2010alcocrash.csv,csv,2016-03-29T10:27:45.833027
4cccbf70-5709-4630-a0cd-cc4a3ed69be7,allegheny-county,Allegheny County Crash Data / 2009 Crash Data,https://data.wprdc.org/dataset/3130f583-9499-472b-bb5a-f63a6ff6059a/resource/4cccbf70-5709-4630-a0cd-cc4a3ed69be7/download/2009alcocrash.csv,csv,2016-03-29T10:28:06.322416
92608ca3-3a44-4fe8-af1a-967cfe8bc29d,allegheny-county,Allegheny County Crash Data / 2008 Crash Data,https://data.wprdc.org/dataset/3130f583-9499-472b-bb5a-f63a6ff6059a/resource/92608ca3-3a44-4fe8-af1a-967cfe8bc29d/download/2008alcocrash.csv,csv,2016-03-29T10:28:25.443477
1c7ce0ad-40d3-47e4-b654-6a6bdbfeca2c,allegheny-county,Allegheny County Crash Data / 2007 Crash Data,https://data.wprdc.org/dataset/3130f583-9499-472b-bb5a-f63a6ff6059a/resource/1c7ce0ad-40d3-47e4-b654-6a6bdbfeca2c/download/2007alcocrash.csv,csv,2016-03-29T10:28:48.601329
01860f81-dd89-465a-ab73-1edc21858303,allegheny-county,Allegheny County Crash Data / 2006 Crash Data,https://data.wprdc.org/dataset/3130f583-9499-472b-bb5a-f63a6ff6059a/resource/01860f81-dd89-465a-ab73-1edc21858303/download/2006alcocrash.csv,csv,2016-03-29T10:29:06.572660
e6a24c09-c381-430b-b8ff-3ec5611538f5,allegheny-county,Allegheny County Crash Data / 2005 Crash Data,https://data.wprdc.org/dataset/3130f583-9499-472b-bb5a-f63a6ff6059a/resource/e6a24c09-c381-430b-b8ff-3ec5611538f5/download/2005alcocrash.csv,csv,2016-03-29T10:29:26.738641
17012686-77d8-477b-b034-5b4a4715ec53,allegheny-county,Allegheny County Crash Data / 2004 Crash Data,https://data.wprdc.org/dataset/3130f583-9499-472b-bb5a-f63a6ff6059a/resource/17012686-77d8-477b-b034-5b4a4715ec53/download/2004alcocrash.csv,csv,2016-03-29T10:29:46.619734
12d9e6e1-3657-4cad-a430-119d34b1a5b2,allegheny-county,Allegheny County Crash Data / Allegheny County Crash Data Dictionary,https://data.wprdc.org/dataset/3130f583-9499-472b-bb5a-f63a6ff6059a/resource/12d9e6e1-3657-4cad-a430-119d34b1a5b2/download/crashdatadictionary.csv,csv,2016-03-29T11:43:57.452435
fb81a55f-c560-4541-9ad4-7ea7c41f79e7,allegheny-county,Allegheny County Crash Data / Municipality Codes,https://data.wprdc.org/dataset/3130f583-9499-472b-bb5a-f63a6ff6059a/resource/fb81a55f-c560-4541-9ad4-7ea7c41f79e7/download/municipalitycodes.csv,csv,2016-03-29T11:40:41.026037
057dc1b4-a720-4593-8a0c-02f302b8b817,allegheny-county,Allegheny County Crash Data / Police Agency Codes,https://data.wprdc.org/dataset/3130f583-9499-472b-bb5a-f63a6ff6059a/resource/057dc1b4-a720-4593-8a0c-02f302b8b817/download/policeagencycodes.csv,csv,2016-03-29T11:41:54.543399
233c321d-ff80-4d06-85b7-d5c3f227f2a8,allegheny-county,Allegheny County Fatal Accidental Overdoses / Fatal Accidental OD 2008,https://data.wprdc.org/dataset/7fb0505e-8e2c-4825-b22c-4fbee8fc8010/resource/233c321d-ff80-4d06-85b7-d5c3f227f2a8/download/crimelabaccidentaldrugdeathsextract2008.csv,csv,2015-10-14T15:18:57.997808
395f38ac-d021-4b33-959d-b06bd7b9efe1,allegheny-county,Allegheny County Fatal Accidental Overdoses / Fatal Accidental OD 2009,https://data.wprdc.org/dataset/7fb0505e-8e2c-4825-b22c-4fbee8fc8010/resource/395f38ac-d021-4b33-959d-b06bd7b9efe1/download/crimelabaccidentaldrugdeathsextract2009.csv,csv,2015-10-14T15:20:39.169744
8f8d068c-9c4b-4563-bc3b-1eee72bbf533,allegheny-county,Allegheny County Fatal Accidental Overdoses / Fatal Accidental OD 2010,https://data.wprdc.org/dataset/7fb0505e-8e2c-4825-b22c-4fbee8fc8010/resource/8f8d068c-9c4b-4563-bc3b-1eee72bbf533/download/crimelabaccidentaldrugdeathsextract2010.csv,csv,2015-10-14T15:21:26.008398
1556690f-47e5-4ce5-bd5f-25eff4955c32,allegheny-county,Allegheny County Fatal Accidental Overdoses / Fatal Accidental OD 2011,https://data.wprdc.org/dataset/7fb0505e-8e2c-4825-b22c-4fbee8fc8010/resource/1556690f-47e5-4ce5-bd5f-25eff4955c32/download/crimelabaccidentaldrugdeathsextract2011.csv,csv,2015-10-14T15:22:05.683439
d8db2bcb-58cf-4de7-91f5-82d122c0f1f3,allegheny-county,Allegheny County Fatal Accidental Overdoses / Fatal Accidental OD 2012,https://data.wprdc.org/dataset/7fb0505e-8e2c-4825-b22c-4fbee8fc8010/resource/d8db2bcb-58cf-4de7-91f5-82d122c0f1f3/download/crimelabaccidentaldrugdeathsextract2012.csv,csv,2015-10-14T15:22:44.357247
ee648fab-3048-48b6-9757-f8dfbae378c8,allegheny-county,Allegheny County Fatal Accidental Overdoses / Fatal Accidental OD 2013,https://data.wprdc.org/dataset/7fb0505e-8e2c-4825-b22c-4fbee8fc8010/resource/ee648fab-3048-48b6-9757-f8dfbae378c8/download/crimelabaccidentaldrugdeathsextract2013.csv,csv,2015-10-14T15:23:26.576604
7146df41-9531-4327-961a-362ad6f3d2c3,allegheny-county,Allegheny County Fatal Accidental Overdoses / Fatal Accidental OD 2014,https://data.wprdc.org/datastore/dump/7146df41-9531-4327-961a-362ad6f3d2c3,,2015-10-14T15:24:05.259335
502136a8-649b-44c5-9b08-ec2733201e5f,allegheny-county,Allegheny County Fatal Accidental Overdoses / Fatal Accidental OD 2015,https://data.wprdc.org/datastore/dump/502136a8-649b-44c5-9b08-ec2733201e5f,,2015-10-15T10:11:38.524414
386ca0ed-717d-46d3-8ed2-da37553ec6d1,allegheny-county,Allegheny County Fatal Accidental Overdoses / Fatal Accidental OD 2016,https://data.wprdc.org/dataset/7fb0505e-8e2c-4825-b22c-4fbee8fc8010/resource/386ca0ed-717d-46d3-8ed2-da37553ec6d1/download/crimelabaccidentaldrugdeathsextract2016.csv,csv,2016-04-28T14:26:03.039719
b8d1b547-edb9-4082-ab96-21094217c511,allegheny-county,Allegheny County Fatal Accidental Overdoses / Fatal Accidental OD Data Dictionary,https://data.wprdc.org/dataset/7fb0505e-8e2c-4825-b22c-4fbee8fc8010/resource/b8d1b547-edb9-4082-ab96-21094217c511/download/acomedatadictionary.csv,csv,2015-10-14T15:41:22.703321
ce21c073-191d-488d-b544-9866cd041fe9,allegheny-county,Allegheny County Fatal Accidental Overdoses / OverdoseFreePA Data,http://www.overdosefreepa.pitt.edu/overdose-data/,,2015-10-09T12:15:03.765786
4ae7c612-5f50-4676-871a-0f8dc501b976,allegheny-county,Allegheny County Plumbers / Master Plumber Search,http://webapps.achd.net/Plumbing/,,2015-10-06T16:35:05.129858
e8e2e1a7-8a06-4d69-8a0d-12f9e4e99b86,allegheny-county,Allegheny County Plumbers / Plumbers 2015,https://data.wprdc.org/dataset/bafa99e3-6773-4dec-95bf-77d34b7754eb/resource/e8e2e1a7-8a06-4d69-8a0d-12f9e4e99b86/download/plumbers.csv,csv,2015-10-08T16:34:33.337992
ecc11b52-8b4b-49e4-b087-7bcfa7209288,allegheny-county,Allegheny County Plumbers / Plumbers Data Dictionary,https://data.wprdc.org/dataset/bafa99e3-6773-4dec-95bf-77d34b7754eb/resource/ecc11b52-8b4b-49e4-b087-7bcfa7209288/download/plumbersdatadictionary.csv,csv,2015-10-08T16:35:00.823108
38028f74-bca9-4411-953a-94961f2274b2,allegheny-county,Allegheny County Election Results / 2015 General Election Summary,https://data.wprdc.org/dataset/ea85f4b5-0b95-41b8-86ee-f1e6d16fc409/resource/38028f74-bca9-4411-953a-94961f2274b2/download/2015-general-election-summary.csv,csv,2016-01-13T11:55:17.150761
638582cb-99b1-4ef0-ac05-bc40dabb9668,allegheny-county,Allegheny County Election Results / 2015 General Election Results by Precinct,https://data.wprdc.org/dataset/ea85f4b5-0b95-41b8-86ee-f1e6d16fc409/resource/638582cb-99b1-4ef0-ac05-bc40dabb9668/download/2015-general-election-results-by-precinct.csv,csv,2016-01-13T11:54:36.251159
6cafc8ab-4839-4f8b-8ef1-b4fd725a6035,allegheny-county,Allegheny County Election Results / 2015 Primary Election Summary,https://data.wprdc.org/dataset/ea85f4b5-0b95-41b8-86ee-f1e6d16fc409/resource/6cafc8ab-4839-4f8b-8ef1-b4fd725a6035/download/primary-2015-election-summary.csv,csv,2015-07-22T14:28:18.905936
4a26e9b4-b4ec-4616-8602-22f7f257a87f,allegheny-county,Allegheny County Election Results / 2015 Primary Election Results by Precinct,https://data.wprdc.org/dataset/ea85f4b5-0b95-41b8-86ee-f1e6d16fc409/resource/4a26e9b4-b4ec-4616-8602-22f7f257a87f/download/primary-2015-precinct-summary.csv,csv,2015-07-22T14:28:56.405889
6132082a-f9bb-4f37-8b1c-f435354eb02b,allegheny-county,Allegheny County Election Results / Election Results by Precinct Layout and Data Dictionary,https://data.wprdc.org/dataset/ea85f4b5-0b95-41b8-86ee-f1e6d16fc409/resource/6132082a-f9bb-4f37-8b1c-f435354eb02b/download/results-by-precinct-layout-and-data-dictionary.xlsx,excel,2015-10-08T16:43:39.026101
62e8f28b-164d-40ac-8bc3-9948d5849357,allegheny-county,Allegheny County Election Results / Election Summary Layout and Data Dictionary,https://data.wprdc.org/dataset/ea85f4b5-0b95-41b8-86ee-f1e6d16fc409/resource/62e8f28b-164d-40ac-8bc3-9948d5849357/download/election-summary-layout-and-data-dictionary.xlsx,excel,2015-10-08T16:45:26.610790
86f809fb-e8e3-40a6-9760-be3f9795dad8,university-of-pittsburgh,State of Aging in Allegheny County Survey / State of Aging Survey Landing Page,http://ucsur.pitt.edu/center-reports/november-2014-state-aging-allegheny-county/,,2015-10-14T16:47:26.752638
c29c46fe-5bf7-431a-9c1c-a9e2e4e81eff,university-of-pittsburgh,State of Aging in Allegheny County Survey / Survey results,https://data.wprdc.org/dataset/33891263-235f-4c6c-af8a-c79b0114a9f9/resource/c29c46fe-5bf7-431a-9c1c-a9e2e4e81eff/download/ucsur-soa-data-for-distribution---2015-oct-14.csv,csv,2015-10-14T16:45:46.531217
d9c54000-dfd8-4d90-b490-b6a9bd423285,university-of-pittsburgh,State of Aging in Allegheny County Survey / Data Dictionary,https://data.wprdc.org/dataset/33891263-235f-4c6c-af8a-c79b0114a9f9/resource/d9c54000-dfd8-4d90-b490-b6a9bd423285/download/datadictionary.csv,csv,2015-10-14T16:39:09.646786
9f83585c-6b85-4a49-a559-343141badd17,university-of-pittsburgh,State of Aging in Allegheny County Survey / Codebook,https://data.wprdc.org/dataset/33891263-235f-4c6c-af8a-c79b0114a9f9/resource/9f83585c-6b85-4a49-a559-343141badd17/download/codebook.xlsx,excel,2015-10-14T16:40:21.826108
686dce10-a646-4834-a49c-bbc92c51f395,allegheny-county,Allegheny County Kane Regional Center Census / Kane Census,https://data.wprdc.org/dataset/db327693-d758-431e-9f59-a906bdef46b3/resource/686dce10-a646-4834-a49c-bbc92c51f395/download/kane-census.csv,csv,2015-11-06T15:57:28.050077
64ebeeea-babd-478d-a4fc-27975f40d632,allegheny-county,Allegheny County Kane Regional Center Census / Kane Census Data Dictionary,https://data.wprdc.org/dataset/db327693-d758-431e-9f59-a906bdef46b3/resource/64ebeeea-babd-478d-a4fc-27975f40d632/download/kanecensusdatadictionary.csv,csv,2015-10-07T12:02:59.788853
d917a890-9c8b-4979-96f5-8a4ff9017f2d,city-of-pittsburgh,Play Area Listings / Play Area Listing 2015,https://data.wprdc.org/dataset/640add54-b0e1-4abb-a232-f5092b243ee0/resource/d917a890-9c8b-4979-96f5-8a4ff9017f2d/download/opendata-pubworks---play-area-listing-2015.xlsx,excel,2015-07-20T15:06:21.131352
42e23e4f-8d45-464f-8b57-23509e0944f3,city-of-pittsburgh,Play Area Listings / Play Area Listing Data Dictionary,https://data.wprdc.org/dataset/640add54-b0e1-4abb-a232-f5092b243ee0/resource/42e23e4f-8d45-464f-8b57-23509e0944f3/download/opendata-pubworks---play-area-listing-2015---column-names.xlsx,excel,2015-07-20T15:07:34.885042
40097711-aa25-47d9-b0fb-920cace3afa0,city-of-pittsburgh,Play Area Listings / Play Area Listing 2015,https://data.wprdc.org/dataset/640add54-b0e1-4abb-a232-f5092b243ee0/resource/40097711-aa25-47d9-b0fb-920cace3afa0/download/opendata-pubworks---play-area-listing-2015.csv,csv,2015-10-12T16:16:54.017237
f5282701-4689-4629-9333-06a01989c551,city-of-pittsburgh,Summer Meal Sites / Citiparks Summer Meal Sites 2015,https://data.wprdc.org/dataset/543ae03d-3ef4-45c7-b766-2ed49338120f/resource/f5282701-4689-4629-9333-06a01989c551/download/opendata-citiparks---summer-meal-sites-2015.xlsx,excel,2015-07-20T14:52:33.539005
2c57a029-08a3-4a0b-a156-07af2a34a03a,city-of-pittsburgh,Summer Meal Sites / Citiparks Summer Meal Sites Data Dictionary,https://data.wprdc.org/dataset/543ae03d-3ef4-45c7-b766-2ed49338120f/resource/2c57a029-08a3-4a0b-a156-07af2a34a03a/download/opendata-citiparks---summer-meal-sites-2015---column-definitions.xlsx,excel,2015-07-20T14:53:15.606069
f587d617-7afa-4e79-8010-c0d2bdff4c04,city-of-pittsburgh,Summer Meal Sites / Citiparks Summer Meal Sites 2015,https://data.wprdc.org/dataset/543ae03d-3ef4-45c7-b766-2ed49338120f/resource/f587d617-7afa-4e79-8010-c0d2bdff4c04/download/opendata-citiparks---summer-meal-sites-2015.csv,csv,2015-10-12T16:24:12.182022
488c3ded-8956-4d4b-8659-45406aadb409,city-of-pittsburgh,Operations Green Spaces / Green Spaces Data Dictionary,https://data.wprdc.org/dataset/cd9ae013-5b93-43d6-8793-bccf10f12c72/resource/488c3ded-8956-4d4b-8659-45406aadb409/download/opendata-pubworks---operations-green-spaces-2015---column-names.xlsx,excel,2015-07-20T15:19:32.864979
5cf7163b-f76c-47ef-b48d-a16366ac1835,city-of-pittsburgh,Operations Green Spaces / Green Spaces 2015,https://data.wprdc.org/dataset/cd9ae013-5b93-43d6-8793-bccf10f12c72/resource/5cf7163b-f76c-47ef-b48d-a16366ac1835/download/opendata-pubworks---operations-green-spaces-2015.xlsx,excel,2015-07-20T15:21:44.481063
b06fa202-ead7-491c-b8f6-2702dd35f8dd,city-of-pittsburgh,Operations Green Spaces / Green Spaces 2015,https://data.wprdc.org/dataset/cd9ae013-5b93-43d6-8793-bccf10f12c72/resource/b06fa202-ead7-491c-b8f6-2702dd35f8dd/download/opendata-pubworks---operations-green-spaces-2015.csv,csv,2015-10-12T16:26:47.206192
f9cdb902-d135-4c33-bc09-221f3a3c9c1f,city-of-pittsburgh,Field Listings / Field Listing 2015,https://data.wprdc.org/dataset/5934b8d1-892f-4fd7-84c1-aa890d3ff529/resource/f9cdb902-d135-4c33-bc09-221f3a3c9c1f/download/opendata-pubworks---field-listing-2015.xlsx,excel,2015-07-20T15:34:16.645720
caff3dd6-9f3a-4e6a-9e20-f464308de728,city-of-pittsburgh,Field Listings / Field Listing Data Dictionary,https://data.wprdc.org/dataset/5934b8d1-892f-4fd7-84c1-aa890d3ff529/resource/caff3dd6-9f3a-4e6a-9e20-f464308de728/download/opendata-pubworks---field-listing-2015---column-names.xlsx,excel,2015-07-20T15:35:03.195616
a61b6617-2f06-4745-8731-165139d41667,city-of-pittsburgh,Field Listings / Field Listing 2015,https://data.wprdc.org/dataset/5934b8d1-892f-4fd7-84c1-aa890d3ff529/resource/a61b6617-2f06-4745-8731-165139d41667/download/opendata-pubworks---field-listing-2015.csv,csv,2015-10-12T16:28:59.160922
b05f9c9c-6c3e-496b-81a9-69b46e867047,city-of-pittsburgh,Permitted Shelters / Permitted Shelter 2015,https://data.wprdc.org/dataset/7bc5037e-52fc-476d-b75c-f1629f007493/resource/b05f9c9c-6c3e-496b-81a9-69b46e867047/download/opendata-pubworks---permitted-shelter-2015.xlsx,excel,2015-07-20T14:06:12.611164
1f48b0c6-e51b-470e-8ebc-f65027fb5368,city-of-pittsburgh,Permitted Shelters / Permitted Shelter Data Dictionary,https://data.wprdc.org/dataset/7bc5037e-52fc-476d-b75c-f1629f007493/resource/1f48b0c6-e51b-470e-8ebc-f65027fb5368/download/opendata-pubworks---permitted-shelter-2015---column-names.xlsx,excel,2015-07-20T14:08:17.372134
f9fcdd7e-0d0f-4efc-a0ca-cd7f36f56632,city-of-pittsburgh,Permitted Shelters / Permitted Shelter 2015,https://data.wprdc.org/dataset/7bc5037e-52fc-476d-b75c-f1629f007493/resource/f9fcdd7e-0d0f-4efc-a0ca-cd7f36f56632/download/opendata-pubworks---permitted-shelter-2015.csv,csv,2015-10-12T16:32:23.562412
aa1e8a5b-18ec-4f6c-86be-02898969fc97,city-of-pittsburgh,2014 Capital Project Budgets / Project Budgets 2015-2020,https://data.wprdc.org/dataset/6a3f9f95-8104-44a0-bcd7-b0e082d76fc9/resource/aa1e8a5b-18ec-4f6c-86be-02898969fc97/download/opendata-omb---budget-2015.xlsx,excel,2015-07-20T15:03:51.590170
c3aae20d-379b-48fa-8a52-cdd265a80f01,city-of-pittsburgh,2014 Capital Project Budgets / Project Budgets Data Dictionary,https://data.wprdc.org/dataset/6a3f9f95-8104-44a0-bcd7-b0e082d76fc9/resource/c3aae20d-379b-48fa-8a52-cdd265a80f01/download/opendata-omb---budget-2015-data-dictionary.xlsx,excel,2015-07-20T15:05:54.979587
69251c39-ce1d-46a1-a8c2-b6223bee8447,city-of-pittsburgh,2014 Capital Project Budgets / Project Budgets for 2015 - 202,https://data.wprdc.org/dataset/6a3f9f95-8104-44a0-bcd7-b0e082d76fc9/resource/69251c39-ce1d-46a1-a8c2-b6223bee8447/download/opendata-omb---budget-2015.csv,csv,2015-10-12T16:31:00.222561
4ce2736a-cab6-412a-b66e-ebba9a4df93b,city-of-pittsburgh,2011-2015 City of Pittsburgh Operating Budget / Fiscal Focus Pittsburgh,https://pittsburghpa.opengov.com/transparency,,2015-10-13T18:30:47.308190
2b7be6df-96d8-4967-924a-b3976b590a54,city-of-pittsburgh,2011-2015 City of Pittsburgh Operating Budget / Budget 2011-2013,https://docs.google.com/a/pittsburghpa.gov/spreadsheets/d/1Th4FRVSgS8Wni6Q78CiukceLN33rw5B2pyGLQ4jJatQ/edit#gid=0,,2015-04-22T11:58:10.726731
5dd64a48-109b-45f7-89b0-0081701a5866,city-of-pittsburgh,PGH SNAP / PGH Snap Website,http://www.pittsburghpa.gov/dcp/snap/raw_data,,2015-10-14T16:29:16.153138
b7156251-6036-4b68-ad2a-95566c84343e,city-of-pittsburgh,PGH SNAP / PGHSNAP - Neighborhood Census Data,https://data.wprdc.org/dataset/40188e1c-6d2e-4f20-9391-607bd3054949/resource/b7156251-6036-4b68-ad2a-95566c84343e/download/opendata-pghsnap---neighborhood-census-data.xlsx,excel,2015-07-20T15:13:49.691836
ea21607a-64be-4e12-bbf8-2c8e0ad2c83b,city-of-pittsburgh,PGH SNAP / PGHSNAP Data Dictionary,https://data.wprdc.org/dataset/40188e1c-6d2e-4f20-9391-607bd3054949/resource/ea21607a-64be-4e12-bbf8-2c8e0ad2c83b/download/column-definitions.xls.xlsx,excel,2015-07-20T15:15:06.828060
94f8eda2-fa77-49a2-9190-3a6ed85fc561,city-of-pittsburgh,PGH SNAP / Housing 2010,https://data.wprdc.org/dataset/40188e1c-6d2e-4f20-9391-607bd3054949/resource/94f8eda2-fa77-49a2-9190-3a6ed85fc561/download/housing.xls,excel,2015-07-20T15:15:41.129697
3ffbb824-1368-45d4-9113-019992c475d7,city-of-pittsburgh,PGH SNAP / Employment 2010,https://data.wprdc.org/dataset/40188e1c-6d2e-4f20-9391-607bd3054949/resource/3ffbb824-1368-45d4-9113-019992c475d7/download/employment.xls,excel,2015-07-20T15:16:20.216749
86fab672-1c6b-48c3-a637-e5827c66ee5c,city-of-pittsburgh,PGH SNAP / Education - Income 2010,https://data.wprdc.org/dataset/40188e1c-6d2e-4f20-9391-607bd3054949/resource/86fab672-1c6b-48c3-a637-e5827c66ee5c/download/education--income.xls,excel,2015-07-20T15:16:54.256605
7e033198-5f62-4cd9-b55a-c5540eff9e88,city-of-pittsburgh,PGH SNAP / Built Environment Conditions 2010,https://data.wprdc.org/dataset/40188e1c-6d2e-4f20-9391-607bd3054949/resource/7e033198-5f62-4cd9-b55a-c5540eff9e88/download/built-environment-conditions.xls,excel,2015-07-20T15:17:32.144865
cf0617a1-b950-4aa7-a36d-dc9da412ddf7,city-of-pittsburgh,PGH SNAP / Transportation 2010,https://data.wprdc.org/dataset/40188e1c-6d2e-4f20-9391-607bd3054949/resource/cf0617a1-b950-4aa7-a36d-dc9da412ddf7/download/transportation.xls,excel,2015-07-20T15:18:06.973968
bd152875-a14d-421a-8656-cc896a7e9074,city-of-pittsburgh,PGH SNAP / Public Safety 2010,https://data.wprdc.org/dataset/40188e1c-6d2e-4f20-9391-607bd3054949/resource/bd152875-a14d-421a-8656-cc896a7e9074/download/public-safety.xls,excel,2015-07-20T15:18:35.247959
d5573eb6-a647-42b4-8b17-6e4787e48eeb,city-of-pittsburgh,PGH SNAP / Population Density 2010,https://data.wprdc.org/dataset/40188e1c-6d2e-4f20-9391-607bd3054949/resource/d5573eb6-a647-42b4-8b17-6e4787e48eeb/download/population--density.xls,excel,2015-07-20T15:19:01.218653
9c46a88c-8fca-4839-9848-c2b819ecbf0f,city-of-pittsburgh,PGH SNAP / Natural Environment Conditions 2010,https://data.wprdc.org/dataset/40188e1c-6d2e-4f20-9391-607bd3054949/resource/9c46a88c-8fca-4839-9848-c2b819ecbf0f/download/natural-environment-conditions.xls,excel,2015-07-20T15:19:33.527366
3738b143-57f8-4b66-a130-fc5357a0ff4e,city-of-pittsburgh,PGH SNAP / Land Use (Zoning) 2010,https://data.wprdc.org/dataset/40188e1c-6d2e-4f20-9391-607bd3054949/resource/3738b143-57f8-4b66-a130-fc5357a0ff4e/download/land-use-zoning.xls,excel,2015-07-20T15:20:07.989492
9890875b-c1d1-4e64-8fc9-a4a8dc433745,city-of-pittsburgh,PGH SNAP / Housing 2010,https://data.wprdc.org/dataset/40188e1c-6d2e-4f20-9391-607bd3054949/resource/9890875b-c1d1-4e64-8fc9-a4a8dc433745/download/housing.csv,csv,2015-10-14T16:21:18.171114
fd095080-d32c-4669-8b62-c80f4f32723a,city-of-pittsburgh,PGH SNAP / Employment 2010,https://data.wprdc.org/dataset/40188e1c-6d2e-4f20-9391-607bd3054949/resource/fd095080-d32c-4669-8b62-c80f4f32723a/download/employment.csv,csv,2015-10-14T16:22:15.490944
f7b19c6c-aa66-419b-b0e1-9998d7ddfcbc,city-of-pittsburgh,PGH SNAP / Education - Income 2010,https://data.wprdc.org/dataset/40188e1c-6d2e-4f20-9391-607bd3054949/resource/f7b19c6c-aa66-419b-b0e1-9998d7ddfcbc/download/education-income.csv,csv,2015-10-14T16:24:10.539907
61a264ec-a537-42de-91e3-5752d689103d,city-of-pittsburgh,PGH SNAP / Built Environment Conditions 2010,https://data.wprdc.org/dataset/40188e1c-6d2e-4f20-9391-607bd3054949/resource/61a264ec-a537-42de-91e3-5752d689103d/download/built-enviornment-conditions.csv,csv,2015-10-14T16:25:54.345599
5d61b60b-bd25-4c33-8420-e31a9135ec6e,city-of-pittsburgh,PGH SNAP / Transportation 2010,https://data.wprdc.org/dataset/40188e1c-6d2e-4f20-9391-607bd3054949/resource/5d61b60b-bd25-4c33-8420-e31a9135ec6e/download/transportation.csv,csv,2015-10-14T16:30:04.753435
204f63f4-296f-4f1d-bbdd-946b183fa5a0,city-of-pittsburgh,PGH SNAP / Public Safety 2010,https://data.wprdc.org/dataset/40188e1c-6d2e-4f20-9391-607bd3054949/resource/204f63f4-296f-4f1d-bbdd-946b183fa5a0/download/public-safety.csv,csv,2015-10-14T16:31:06.789424
8ac5c768-09ba-43a8-829f-ce4a417d20fb,city-of-pittsburgh,PGH SNAP / Population Density 2010,https://data.wprdc.org/dataset/40188e1c-6d2e-4f20-9391-607bd3054949/resource/8ac5c768-09ba-43a8-829f-ce4a417d20fb/download/population--density.csv,csv,2015-10-14T16:32:01.022807
14501cb9-308d-49ce-8bbb-7933ad703fe1,city-of-pittsburgh,PGH SNAP / Natural Environment Conditions 2010,https://data.wprdc.org/dataset/40188e1c-6d2e-4f20-9391-607bd3054949/resource/14501cb9-308d-49ce-8bbb-7933ad703fe1/download/natural-environment-conditions.csv,csv,2015-10-14T16:33:08.372050
c2cd7415-b401-4857-8ca5-58ce2ec17c5d,city-of-pittsburgh,PGH SNAP / Land Use (Zoning) 2010,https://data.wprdc.org/dataset/40188e1c-6d2e-4f20-9391-607bd3054949/resource/c2cd7415-b401-4857-8ca5-58ce2ec17c5d/download/land-use-zoning.csv,csv,2015-10-14T16:34:25.648796
2fb77af2-f80b-415b-bab6-7358391ae2ff,city-of-pittsburgh,Municipal Building Energy Usage / Municipal Building Energy Use 2009-2014,https://data.wprdc.org/dataset/7b8896c5-867d-428d-a2e3-bdb732655846/resource/2fb77af2-f80b-415b-bab6-7358391ae2ff/download/municpal-building-energy-use-2009-2014.xlsx,excel,2015-10-14T17:30:54.072127
90e87a5c-0cdd-4534-ab84-0cc523b110f5,city-of-pittsburgh,Municipal Building Energy Usage / Municipal Building Energy Use 2009-2014,https://data.wprdc.org/dataset/7b8896c5-867d-428d-a2e3-bdb732655846/resource/90e87a5c-0cdd-4534-ab84-0cc523b110f5/download/municpal-building-energy-use-2009-2014.csv,csv,2015-10-14T17:33:09.544265
7fb578c4-e5eb-4ea4-96f2-a3c0dfd517f9,city-of-pittsburgh,Municipal Building Energy Usage / Municipal Building Energy Use Data Dictionary,https://data.wprdc.org/dataset/7b8896c5-867d-428d-a2e3-bdb732655846/resource/7fb578c4-e5eb-4ea4-96f2-a3c0dfd517f9/download/municipal-building-energy-use-column-descriptions.xlsx,excel,2015-10-14T17:37:50.707831
28a82cb6-8a8b-4317-8c08-54d9171c8623,city-of-pittsburgh,Municipal Building Energy Usage / Municipal Building Energy Use Data Dictionary,https://data.wprdc.org/dataset/7b8896c5-867d-428d-a2e3-bdb732655846/resource/28a82cb6-8a8b-4317-8c08-54d9171c8623/download/municipal-building-energy-use-column-descriptions.csv,csv,2015-10-14T17:40:47.085435
6bf7c881-2164-4212-b714-8bea3f660f57,allegheny-county,Allegheny County Housing and Community Environment Inspections / Service Requests,https://data.wprdc.org/dataset/19beed76-cd72-4fa8-9f8f-c402608ed569/resource/6bf7c881-2164-4212-b714-8bea3f660f57/download/servicerequest.csv,csv,2015-10-20T08:51:53.251054
bbb8b1bf-e505-48f0-9028-e263528368e2,allegheny-county,Allegheny County Housing and Community Environment Inspections / Service Request Data Dictionary,https://data.wprdc.org/dataset/19beed76-cd72-4fa8-9f8f-c402608ed569/resource/bbb8b1bf-e505-48f0-9028-e263528368e2/download/service-requests-data-dictionary.csv,csv,2015-10-08T10:38:30.531683
a39e5edc-0001-404f-b4af-05534e34526f,allegheny-county,Allegheny County Housing and Community Environment Inspections / Inspections,https://data.wprdc.org/dataset/19beed76-cd72-4fa8-9f8f-c402608ed569/resource/a39e5edc-0001-404f-b4af-05534e34526f/download/inspection.csv,csv,2015-10-20T08:54:15.523418
b2413d04-35f6-4892-a2e2-19782088cf54,allegheny-county,Allegheny County Housing and Community Environment Inspections / Inspection Data Dictionary,https://data.wprdc.org/dataset/19beed76-cd72-4fa8-9f8f-c402608ed569/resource/b2413d04-35f6-4892-a2e2-19782088cf54/download/inspection-data-dictionary.csv,csv,2015-10-08T10:38:05.059475
f3df0760-54cc-4279-b7c8-a12a60f4f0f6,allegheny-county,Allegheny County Housing and Community Environment Inspections / Violations,https://data.wprdc.org/dataset/19beed76-cd72-4fa8-9f8f-c402608ed569/resource/f3df0760-54cc-4279-b7c8-a12a60f4f0f6/download/violations.csv,csv,2015-10-20T08:53:15.763634
c66dbc40-9341-4cf7-ba0c-b65a3b7709bb,allegheny-county,Allegheny County Housing and Community Environment Inspections / Violation Data Dictionary,https://data.wprdc.org/dataset/19beed76-cd72-4fa8-9f8f-c402608ed569/resource/c66dbc40-9341-4cf7-ba0c-b65a3b7709bb/download/violation-data-dictionary.csv,csv,2015-10-08T10:38:57.622275
8894d5d1-92fe-4658-b349-e8035dd355ad,allegheny-county,Allegheny County Food Facilities / Food Facility Inspection Search,http://webapps.achd.net/Restaurant/,,2015-10-06T17:13:04.467141
c12c31fb-5382-4137-bb61-a4dcedf3cf4a,allegheny-county,Allegheny County PA Senate Districts / State Senate Districts Webmap,http://www.arcgis.com/home/webmap/viewer.html?url=http://services1.arcgis.com/vdNDkVykv9vEWFX4/ArcGIS/rest/services/Allegheny_County_Pennsylvania_Senate_Districts/FeatureServer&source=sd,,2015-10-15T10:46:53.824800
6ac44c30-d49b-4c22-9dd4-f42c2ea1e6fd,allegheny-county,Allegheny County PA House of Representative Districts / PA House of Representatives Webmap,http://www.arcgis.com/home/webmap/viewer.html?url=http://services1.arcgis.com/vdNDkVykv9vEWFX4/ArcGIS/rest/services/Allegheny_County_Pennsylvania_House_of_Representatives_Districts/FeatureServer&source=sd,,2015-10-15T10:44:28.741762
b2ff2aca-92cc-422b-ac45-8313ac8c894e,city-of-pittsburgh,Comprehensive Parks List / Comprehensive Parks Listing 2015,https://data.wprdc.org/dataset/f74ad7d4-f243-4b4d-9f10-3ae3a1b8d76f/resource/b2ff2aca-92cc-422b-ac45-8313ac8c894e/download/comprehensive-parks-listing-2015.csv,csv,2015-07-20T14:09:36.724522
2a884e67-72d9-4473-8b18-ed58534f0d5d,city-of-pittsburgh,Comprehensive Parks List / Comprehensive Parks List Data Dictionary,https://data.wprdc.org/dataset/f74ad7d4-f243-4b4d-9f10-3ae3a1b8d76f/resource/2a884e67-72d9-4473-8b18-ed58534f0d5d/download/opendata-pubworks---comprehensive-parks-listing-2015---column-names.csv,csv,2015-07-20T14:13:33.541928
4ae88ba4-f535-44d7-9a96-08c6f38a34fc,city-of-pittsburgh,Public Works - Block Party Summary / Public Works - Block Party Summary,https://data.wprdc.org/dataset/cfaffd5c-ab5a-42fd-83ae-2411e376ae0c/resource/4ae88ba4-f535-44d7-9a96-08c6f38a34fc/download/opendata-pubworks---block-party-summary-2013-2014---block-party-dataset.csv,csv,2015-04-14T14:20:29.311106
69b2ecb4-ed68-4571-b62b-3eb0bdcbd480,city-of-pittsburgh,New Zoning and Parcel Map Viewer / New Zoning and Parcel Map Viewer,http://gis.pittsburghpa.gov/zonetest/,,2015-02-27T13:13:42.800997
506403e4-98aa-443b-9a2f-fdb487c8993a,city-of-pittsburgh,Interactive Zoning and Parcel Map / Zoning and Parcel Map,http://gis.pittsburghpa.gov/zoning/,,2015-02-27T13:11:33.674559
769a4f9a-345c-44f9-bda2-ba4e89ec95a4,city-of-pittsburgh,Pittsburgh Map / Pittsburgh Map,http://gis.pittsburghpa.gov/map/,,2015-02-27T13:06:04.358236
02335839-14cc-40e2-ba83-5a3f7e245658,city-of-pittsburgh,Pittsburgh Steps Map / Pittsburgh Steps,http://gis.pittsburghpa.gov/steps/,,2015-02-27T13:16:55.384602
